TimeOfDay_ms,Date,HR_bpm,NIBP_Sys_mmHg,NIBP_Dia_mmHg,SpO2_percent,Resp_Rate_bpm
43260000.000,2026-09-28,77.62162663575033,118.71318651668732,82.48635822275683,98.2293609652214,12.48740940565493
43260100.056,2026-09-28,78.89647095025656,118.0998400341976,82.6573613129656,98.43782422770268,14.574950280520616
43260200.111,2026-09-28,80.51073517541576,115.6313737692038,79.14698049865758,98.18581329045006,14.822707865695682
43260300.167,2026-09-28,79.88987806210257,119.48798847591307,79.09865666363572,97.8519301675076,13.493291181741425
43260400.222,2026-09-28,78.61597717085975,121.37374976288653,81.26204383203283,98.85650937553076,14.974639042437012
43260500.278,2026-09-28,80.9606892238859,124.85330401877512,79.13254897544125,98.47538204375832,14.256116929979122
43260600.334,2026-09-28,81.64108976836557,121.57729243989967,77.9105339899725,98.61126517520403,13.46234341631866
43260700.389,2026-09-28,80.78270573036849,122.91710623987035,80.3560220158691,97.86939820568365,13.745472224803638
43260800.445,2026-09-28,79.98057029458629,124.64448005763958,80.55322932448667,98.01466522831147,16.221788909646286
43260900.500,2026-09-28,82.69891071402455,122.12307817408362,83.93811847287218,97.64886643894053,15.185468881715167
43261000.556,2026-09-28,81.10854447707302,120.85950581030626,81.15110961977888,98.15744585263188,15.101825927282066
43261100.611,2026-09-28,84.76969111361072,126.96747368577293,79.33542913938392,98.20801326640881,14.472421558043491
43261200.667,2026-09-28,80.94215994480304,116.60239172068846,80.3393801263097,97.87696764870762,14.281483940632992
43261300.723,2026-09-28,80.60196104607827,115.6479693489877,82.52939486967766,98.21343425123094,14.920091778274264
43261400.778,2026-09-28,82.83469335980831,124.60824654526218,79.46395566654854,97.39821710836038,17.36464696643372
43261500.834,2026-09-28,80.54461836107389,123.61796430433762,82.88638410121428,97.37733743741268,13.173877838640564
43261600.889,2026-09-28,79.2545861481205,126.07214740681411,84.14679375939362,98.32992653264829,13.257112304502183
43261700.945,2026-09-28,80.23664348260542,119.50052394851511,78.37272784155525,98.06914616817619,13.995632727711415
43261801.001,2026-09-28,78.97641082323409,119.73366493185738,78.41531983936063,98.12328299545831,16.845273358783015
43261901.056,2026-09-28,81.09950030616686,121.40533824767708,82.79117362040226,97.96682959532392,14.59229639764336
43262001.112,2026-09-28,83.43408488825503,122.75605665058508,79.9783792996981,97.86042288769102,14.023219681984564
43262101.167,2026-09-28,81.09085085214228,119.00415246317388,84.6682284252281,98.17171926991526,15.67179793947931
43262201.223,2026-09-28,80.99345570783204,120.67043873564852,79.04194923036317,97.97363503654678,16.600367557644162
43262301.278,2026-09-28,83.76106799732034,117.61975820346838,82.19987029445436,98.01159957342355,14.161786681522457
43262401.334,2026-09-28,82.95647343455262,125.07991772786221,77.0794686970963,98.18240309464463,13.300300670337409
43262501.390,2026-09-28,81.14349922078546,122.03705832305535,83.75099121059327,97.23575751047032,14.874105368664427
43262601.445,2026-09-28,84.65957366257007,125.52221629613314,79.57490469033742,98.51902315246885,15.134657755088643
43262701.501,2026-09-28,79.79120358987433,120.0883937847679,77.51014070774184,97.06791180605587,13.19317177438704
43262801.556,2026-09-28,85.76302704321085,118.39997526966154,82.64485645707198,97.94995132273246,14.673864989534074
43262901.612,2026-09-28,81.56466075094794,120.90454218424146,80.6504543848008,97.64188601679906,14.998774720189932
43263001.668,2026-09-28,81.63296061487083,120.15966562337833,81.32795572567211,98.22830195281155,16.048891482921494
43263101.723,2026-09-28,78.1032072018364,123.75125316436993,77.13476765615418,96.79483777433255,15.15984419343473
43263201.779,2026-09-28,83.28177506128422,120.094425365055,81.26126525370957,96.97062515704937,13.196722793722312
43263301.834,2026-09-28,86.62944260054483,127.46722712980005,79.96095847422812,97.48333623988883,12.204535612821424
43263401.890,2026-09-28,80.63138324805833,122.72566071672867,77.31088634670579,98.2581343428768,14.001220996653371
43263501.946,2026-09-28,85.36325974769635,117.41010331008539,82.48842117513438,97.5200645449199,15.128303842831663
43263602.001,2026-09-28,83.13169146313457,124.05382883473237,76.78015681451049,97.91503324630342,15.032673638400706
43263702.057,2026-09-28,81.55357014851297,115.27107085029199,82.33341260086061,97.24784100674397,14.440779180163972
43263802.112,2026-09-28,81.40880754807844,120.42249001519525,79.52146173446891,98.23632515285183,16.004330632220693
43263902.168,2026-09-28,81.83810794261777,120.48818921212666,86.06549276214413,97.60686505973017,14.429026913883357
43264002.223,2026-09-28,86.24816882183242,122.78276228091035,81.36161363746608,97.30956885490174,14.990277763170495
43264102.279,2026-09-28,85.64709810300099,122.11670603849448,78.11054951227365,97.9313403077839,14.267602765910324
43264202.335,2026-09-28,86.64976642223813,125.75069993686809,79.81657671776036,97.8208432571653,13.653694146360657
43264302.390,2026-09-28,83.76447632630186,119.74716573595762,83.34139480691753,97.82017037153898,15.869559636447992
43264402.446,2026-09-28,84.26725908594467,125.84636409300424,77.74088790241753,97.16710603833732,14.725618538492357
43264502.501,2026-09-28,86.80485648133384,123.88370296104016,84.5761824005084,97.20762024439331,14.01621888687381
43264602.557,2026-09-28,81.90368262320584,126.16438188575398,79.90191070811592,97.4893749754315,15.394431444431483
43264702.613,2026-09-28,86.96383035141714,121.37695211632156,78.98918658849573,97.77552420420591,13.53467318742904
43264802.668,2026-09-28,86.82575174253401,123.64279636805429,81.73895144687499,97.46299256014079,14.586693493902885
43264902.724,2026-09-28,82.71551514585398,124.26495121825633,81.8362959683217,97.90137802154482,14.38982393391512
43265002.779,2026-09-28,82.83339588172872,120.92585115984424,78.77946923318284,98.54306222362978,16.283375311816915
43265102.835,2026-09-28,81.676600936166,122.3826509934913,81.83613641074643,96.85212912204794,15.019725202830818
43265202.890,2026-09-28,80.43664861573426,124.421727649109,81.38379590417597,98.52710774461289,15.365481757001453
43265302.946,2026-09-28,83.45118021783132,124.02186256596345,82.52673418369739,98.5638758345407,14.211419179010447
43265403.002,2026-09-28,83.67150931434705,127.12461865059058,84.37994155355852,97.71450400080757,14.593843199998679
43265503.057,2026-09-28,86.34362793568366,121.6304712019433,83.78325586007357,98.69978925599888,15.252791815579263
43265603.113,2026-09-28,84.79310480745498,122.16625000707081,83.97074676123509,98.18792635684619,16.91659142959093
43265703.168,2026-09-28,84.76051573342845,123.34546068935755,76.57049776771484,97.90115989320208,14.74532276177571
43265803.224,2026-09-28,84.25710317885135,120.37996510164945,85.99661867680663,97.7209856201557,16.347641332277174
43265903.280,2026-09-28,86.58996662124814,121.98106440578094,82.02495743324519,97.43747809459441,16.03972948919184
43266003.335,2026-09-28,82.61013367738276,126.79682535744372,80.52625571961762,98.11530444590873,15.815118556528258
43266103.391,2026-09-28,86.46179891601336,119.93294783968683,81.79532066478478,97.2798118897063,15.90479232284539
43266203.446,2026-09-28,83.76943610748322,123.00042665911583,81.10285114762975,97.73325547458477,16.57938425798722
43266303.502,2026-09-28,82.30880863099725,123.24945711237838,81.24414005692573,98.47234353291019,15.88811945007057
43266403.558,2026-09-28,80.68265173571963,122.56345414105043,86.07669461624559,98.09705828687103,15.516013624032157
43266503.613,2026-09-28,84.8390314438665,123.51040070005857,82.93007767431202,98.24358953686679,16.178364636953678
43266603.669,2026-09-28,86.07929962845104,123.94855911481831,83.02967959550529,97.4800501390979,14.815506138183553
43266703.724,2026-09-28,89.47116107831012,128.80565142368087,82.10707440488962,97.17262168104736,16.307318630314963
43266803.780,2026-09-28,86.89890380900077,123.19551470462707,83.30031301737313,97.5398114613659,15.46330447242896
43266903.835,2026-09-28,83.77553822178044,130.30603896646497,83.28547215240411,97.0708899427167,14.49882285189939
43267003.891,2026-09-28,85.54498245615761,126.0668219614041,77.13112590346013,97.01047857246013,15.711492735637302
43267103.947,2026-09-28,84.2549581154977,123.35122438749532,84.49969147825745,98.07829454669445,15.542827821464444
43267204.002,2026-09-28,84.73712634200983,125.09420309436767,79.78107180538242,97.62930686390325,16.394722664590034
43267304.058,2026-09-28,86.34429861033462,129.06600012294555,80.97302964627698,97.98708307332315,15.775856692974886
43267404.113,2026-09-28,86.63213427480817,129.57243540521753,80.73778924439644,98.60768764382088,16.824760093876804
43267504.169,2026-09-28,86.02103768529855,124.92910585403195,80.25405152862493,97.9259260094521,16.58923909356977
43267604.225,2026-09-28,83.94679299340767,127.7234657651894,81.57884688908818,98.75555346666957,16.865747147317553
43267704.280,2026-09-28,83.47964826886546,123.92991881833886,81.32135773311904,97.52138258708159,14.898323877768187
43267804.336,2026-09-28,88.18019419486663,126.38871546656405,82.22237261993575,98.58501972757404,14.951678997205798
43267904.391,2026-09-28,85.35072864564229,126.19726244907852,81.5302045579363,97.56831601986218,16.120389463519743
43268004.447,2026-09-28,87.41332527663185,124.15976775985237,85.49211985267948,98.03539978677028,15.54015364984362
43268104.503,2026-09-28,85.631923001678,128.07007168683634,85.51964813015869,98.3299751839022,15.782088037481959
43268204.558,2026-09-28,85.01225109677016,123.67183402239993,81.78345521382323,97.55967172288848,16.912650661570343
43268304.614,2026-09-28,86.11720124411332,125.28311690613592,82.09507165650392,98.08285899821244,16.95556588202476
43268404.669,2026-09-28,85.59707027837432,123.37471870846993,81.35915040073853,98.89368757703643,16.70559149850153
43268504.725,2026-09-28,88.04291973486802,125.66951535326288,80.77354127178681,97.12636013636593,14.304944155223987
43268604.780,2026-09-28,87.68154499402168,127.46421942513892,81.1880384269565,98.44183684472497,16.9194280421502
43268704.836,2026-09-28,83.01918667831971,131.0300946807,81.02269688022744,97.1585750403177,15.95940334325886
43268804.892,2026-09-28,88.54661974053995,130.77402779264764,81.93308338286668,97.1757722421223,18.529071886269577
43268904.947,2026-09-28,89.26519302964233,128.13216606928023,81.66666341655717,97.64179338669881,14.467184044422783
43269005.003,2026-09-28,85.97283106682987,128.46608648540388,82.89282741122008,97.45750119902549,16.058256428525517
43269105.058,2026-09-28,88.98663515004027,130.55107973440255,84.40674141062128,97.39639641321311,14.921400725749706
43269205.114,2026-09-28,86.78850272596483,126.00348983467602,81.48079761666904,97.99238093116045,15.92309744423293
43269305.170,2026-09-28,87.71072895767925,127.87741498072731,81.21946883927922,98.85162997532456,14.929334653753148
43269405.225,2026-09-28,86.27976175420432,129.91289946297795,79.56315425736287,97.7493783260605,15.29875431337593
43269505.281,2026-09-28,88.88162791094216,125.53143948560854,80.72349655418796,98.19869204472721,14.693892659716205
43269605.336,2026-09-28,86.56740797438243,128.1494378534805,78.35267883218958,98.0734378150784,14.221586122616404
43269705.392,2026-09-28,85.6515237688198,127.67083680357956,82.72812666052576,97.23344699613871,17.695267263131953
43269805.447,2026-09-28,85.12262781300922,130.9695587148727,83.75351013998524,97.04111024962802,16.777101489990063
43269905.503,2026-09-28,87.56344810267123,123.17429795395954,86.32341233641698,97.31255087258953,16.33111223393689
43270005.559,2026-09-28,89.58495029278546,127.05889579822306,85.5390558159615,98.22627387526985,15.8476287225028
43270105.614,2026-09-28,87.62178661306105,126.17368027999865,81.73645557848037,97.5321560717097,16.421821621515104
43270205.670,2026-09-28,87.6730176290669,119.58822323434013,81.65843617680606,97.54261416975568,16.879798529394325
43270305.725,2026-09-28,86.37927290231896,131.23848112266487,81.84970383348637,97.75647479575301,17.79810940498674
43270405.781,2026-09-28,93.46168241190543,125.18903823655509,81.42082949677034,97.63953755797405,15.76802573564542
43270505.837,2026-09-28,89.2499592652701,127.39779267958446,80.34791430353044,98.7584878428325,17.078227022683212
43270605.892,2026-09-28,91.45642188879273,123.38056201847226,84.30908465286356,97.17837195533535,15.59163188367109
43270705.948,2026-09-28,88.44552437299006,128.50600544485772,80.3910400004177,97.41642207313156,15.687976505304034
43270806.003,2026-09-28,87.82636831960345,124.4216158057084,80.93194915078426,97.42195213657703,16.291215672444118
43270906.059,2026-09-28,88.02153962313943,128.16440280194274,82.20174099834242,97.52852367077061,17.251770283291968
43271006.115,2026-09-28,88.29322714453315,127.20278144119513,80.06632096331327,97.5597504362938,16.183298479221374
43271106.170,2026-09-28,91.18539712281085,120.3734468478328,82.7809095562895,98.5313829506707,15.840955645632846
43271206.226,2026-09-28,87.26479459162422,128.24688662366486,84.27962958348891,96.87318387654724,17.952263106196863
43271306.281,2026-09-28,88.3529362306689,131.0769529155454,83.63408653827061,97.74378775533631,15.94466342853473
43271406.337,2026-09-28,88.65533578516616,124.8961197400419,85.45119153509256,97.41913150936027,16.34167095950896
43271506.392,2026-09-28,92.05431161944848,128.48094186842414,81.22037238407411,97.66684544751185,14.260493593860339
43271606.448,2026-09-28,92.8654862985431,128.60854924316496,85.25947535047571,97.53236825088021,16.220000515459358
43271706.504,2026-09-28,90.41003158814407,124.39833074751074,81.46244048332201,96.98235165015043,16.828816970368447
43271806.559,2026-09-28,90.89800891789648,128.40151885281048,85.5763459789614,97.95967037427623,16.97768962313377
43271906.615,2026-09-28,91.01639476396711,126.1363648285423,81.05886833544177,97.41301140298803,16.53026627314748
43272006.670,2026-09-28,91.14569692789699,126.29616459793104,80.92355984879289,97.37687836465709,18.53552545224727
43272106.726,2026-09-28,91.39990363948158,121.4698353463175,82.98487605057427,97.68608914596652,17.08471137993478
43272206.782,2026-09-28,94.83459344455805,126.29674449255204,80.79384775040272,97.05443216900112,17.149326108140936
43272306.837,2026-09-28,90.93990045870224,130.0793621713537,84.23138351248757,98.65720765354654,15.55454818493419
43272406.893,2026-09-28,88.19847396332923,128.30677239439783,83.94903053604538,97.37372060246098,16.27356098806556
43272506.948,2026-09-28,88.51664543425885,129.11338827989496,84.73074495129694,96.84324208857272,14.218327121523618
43272607.004,2026-09-28,87.96433481776508,127.91640972755361,84.78174600332989,98.06312425500207,17.3949016709047
43272707.059,2026-09-28,87.23714627910485,125.09120900476942,82.45815813904402,97.97192446496861,16.61270196752813
43272807.115,2026-09-28,89.75733048329988,121.8806255484534,81.3729502044669,97.82019750755377,16.958303309899986
43272907.171,2026-09-28,92.13131114176831,125.27367083938144,83.008815241807,96.18370689229607,16.895355291053534
43273007.226,2026-09-28,90.66549242136145,132.27030112754738,84.48620127895715,97.83529388989454,18.955998067571706
43273107.282,2026-09-28,95.0266383429356,124.32296994339212,82.5703038047426,97.506279143175,17.77033323124794
43273207.337,2026-09-28,92.77511743781858,129.90430844465777,81.05397285802744,96.47564059722184,16.127638456535824
43273307.393,2026-09-28,90.74269180928374,124.05921832272551,83.06806385069859,97.32634912635223,17.097788971296524
43273407.449,2026-09-28,94.16538795440745,128.6332170327987,82.19335187112401,98.06250178578443,18.03255044615616
43273507.504,2026-09-28,86.11759025066739,126.31065065815771,80.60093760881435,96.66729423863102,16.204411596713623
43273607.560,2026-09-28,88.94841319070952,132.41687312180184,83.3979599617834,97.72856864984674,17.01906171593179
43273707.615,2026-09-28,92.31935764230641,131.87512558377992,84.28732311252479,96.8876199093607,19.58609444135022
43273807.671,2026-09-28,91.7120283788696,130.80526406479984,85.49475504828594,97.58116219364118,17.83095546636637
43273907.727,2026-09-28,94.04762701204392,130.0538812803037,83.26944210145795,96.86358553722145,17.069294796027222
43274007.782,2026-09-28,92.72915439968602,129.47520446024393,84.8021515381656,97.55827488040637,19.286296707444514
43274107.838,2026-09-28,93.33222671099249,126.6471229662344,78.57333170618173,97.51112938030825,18.363509155418594
43274207.893,2026-09-28,95.14564634592728,131.2207158276575,85.09182035407179,97.72762850598404,18.09169095953526
43274307.949,2026-09-28,91.96042803726768,125.59560431456364,85.3071052200726,96.94747488635821,17.879421526934276
43274408.004,2026-09-28,94.53015008957959,132.64673636652537,83.73431618737969,96.89601552635008,17.258929117040957
43274508.060,2026-09-28,93.2960761470712,129.64323703468125,85.57279983298896,96.8139462612032,15.519781232757932
43274608.116,2026-09-28,95.02337541667673,134.52019978491853,83.97601602744857,96.95683931448714,17.82637379102392
43274708.171,2026-09-28,94.24544243891519,130.53304459187675,82.78099516438972,98.29976212995801,20.56017563829663
43274808.227,2026-09-28,90.49274901886088,130.39747141720036,81.97114252113019,97.59142942453076,16.511115937423025
43274908.282,2026-09-28,91.682345747799,132.00810964351055,85.61684742284295,97.57077031544848,15.88907600949958
43275008.338,2026-09-28,94.40498739891804,128.20401822592032,80.15285579093812,98.37809141013399,17.05594665994061
43275108.394,2026-09-28,92.30357848782498,129.11546961106185,82.49124945174938,97.44946365960837,17.64654385514832
43275208.449,2026-09-28,94.65013050689333,130.76430657457658,84.95171509248077,97.4342442653143,16.67557303220639
43275308.505,2026-09-28,93.59582217121141,132.84734221423733,85.64157909186981,97.65818742025863,17.76958916568641
43275408.560,2026-09-28,93.87819427417067,130.62268736842321,82.78155533436686,97.33377648042149,17.743078916074868
43275508.616,2026-09-28,90.24801298293556,129.44439126808172,84.0482150827163,97.56070653639969,17.789803193391357
43275608.671,2026-09-28,91.9586078948723,131.39039427173614,87.64355540652227,97.81264787447618,16.782422282075583
43275708.727,2026-09-28,93.71045462443095,133.0016169729267,86.8939476821307,97.46663206292622,16.979354186303077
43275808.783,2026-09-28,91.96346586310172,134.1221645900152,85.641700722739,97.22708543250631,18.660907268588193
43275908.838,2026-09-28,94.68040184881883,131.22750248633284,81.41613684641544,97.3180142425324,17.22423241040484
43276008.894,2026-09-28,92.50387243805824,124.29169780814426,85.3639804422227,98.48692232656762,18.082273083436274
43276108.949,2026-09-28,94.95110604584366,134.15088885913684,85.37674131794613,98.4839186470804,16.107656897924286
43276209.005,2026-09-28,95.77902946859552,129.22677399033134,85.599671131155,97.32925488921435,18.55715888309335
43276309.061,2026-09-28,97.79260546511594,130.26479699246661,85.24880010457827,98.68065845612571,17.791708336701806
43276409.116,2026-09-28,91.07602177822051,130.68280729301162,80.78148627108605,97.17227560311478,17.614708672663735
43276509.172,2026-09-28,93.35931712280318,133.15911053405867,80.71155712621085,98.17558380341197,18.514156841820913
43276609.227,2026-09-28,95.29017403178429,131.68903817801035,84.30108502556962,96.78609359970899,17.088344072973545
43276709.283,2026-09-28,94.57013107385134,124.05630561344222,81.74531029751437,97.53677273516384,18.12991603218993
43276809.339,2026-09-28,91.08313684610765,128.02667752207032,83.42078082177771,97.83571923029035,18.97264254293268
43276909.394,2026-09-28,94.106825768058,125.66047971545234,79.77153359952726,97.23058888082699,19.47941151492463
43277009.450,2026-09-28,95.11753178910287,134.8433538733198,84.21145356859431,97.21516920105132,17.773014770056804
43277109.505,2026-09-28,93.57109481818522,131.15287502979436,81.56776825414234,97.53379175293907,18.218692052592935
43277209.561,2026-09-28,93.72525525604057,133.25058322887477,87.54648401692955,97.65605426254831,17.467765794568965
43277309.616,2026-09-28,90.60139388177235,133.50463685288884,84.99897831887739,97.5234843013086,18.208032104221928
43277409.672,2026-09-28,94.42764214004013,137.32777417175384,84.51221324156879,97.35578200308076,19.746269526154492
43277509.728,2026-09-28,97.51397640473247,134.18828642660628,84.47550046057182,97.72550252750109,16.811442280292134
43277609.783,2026-09-28,93.89663505234934,135.80504942732568,83.20840455058486,97.69964354013045,19.968339411837395
43277709.839,2026-09-28,97.62709236328537,128.64937017618718,83.77921153357227,97.2456613419892,17.182026172838558
43277809.894,2026-09-28,93.06295660813358,131.6840593198678,87.62485182817464,97.2957444197606,18.118696589239438
43277909.950,2026-09-28,96.68781961987614,133.96355086870065,84.81072189689834,97.3773052040711,17.108863436125212
43278010.006,2026-09-28,93.96871108245291,131.5141469973095,83.4575388915241,98.32260820085551,18.575063344340652
43278110.061,2026-09-28,95.6968794442886,140.6308072770179,85.23130061251496,97.42636644114931,19.01710675817947
43278210.117,2026-09-28,96.36438955248279,135.21409722760706,82.61599650402805,97.53491935841292,17.27410234019651
43278310.172,2026-09-28,93.12463025876436,140.2665062162113,84.93223208856135,97.21487662505486,17.090078016116994
43278410.228,2026-09-28,95.19123482811936,131.79373577942653,85.58775426532856,97.31347132956867,19.933900599653402
43278510.283,2026-09-28,93.7932538414481,129.67113335829941,82.3984037474901,97.00996650874814,17.967176110852016
43278610.339,2026-09-28,94.8874493221108,135.18904489254265,85.46908048256428,98.09191054524005,17.490707023509984
43278710.395,2026-09-28,96.87385842264781,126.99873619874826,85.49304035283386,96.56689969255805,19.049077386471197
43278810.450,2026-09-28,97.47772000434811,130.61387770255934,80.5711539264892,97.01771942240302,16.780752996519283
43278910.506,2026-09-28,94.27056226094075,134.8849921547018,85.14000597052187,97.11682767931006,17.133325019096773
43279010.561,2026-09-28,92.61986558274637,128.88059718915275,83.67267232328611,97.8248034184037,19.12226069955627
43279110.617,2026-09-28,95.48981495698821,138.59158541951524,85.80457560378935,97.62126314445334,18.872313236512305
43279210.673,2026-09-28,98.9451103956985,133.66953814045047,80.95525723604881,98.32098140300398,18.323308191960887
43279310.728,2026-09-28,94.8739323536854,130.8649289805323,84.78476260364037,97.33717929104657,20.058601590497496
43279410.784,2026-09-28,95.23790512649406,134.67993058093379,85.06055486373991,96.57588346773214,19.211760900850866
43279510.839,2026-09-28,98.38699417642663,135.71440270134087,83.48299971045414,97.96796487085756,18.143636173055675
43279610.895,2026-09-28,96.17162615377288,132.1715951783514,83.77591435668394,96.55780908812358,20.286106904103725
43279710.951,2026-09-28,95.00783318260584,133.6903078386843,85.0654667588138,96.22356648606356,18.621304773755714
43279811.006,2026-09-28,100.3590469630401,130.44047474558363,81.9261186335351,97.81633124475879,17.977667334859976
43279911.062,2026-09-28,96.11591710821962,129.14378872797295,86.04352083081444,97.14963689236399,17.476091370666005
43280011.117,2026-09-28,95.01880979979038,134.40817856984975,85.1915527610033,96.7373977041781,19.274701426113133
43280111.173,2026-09-28,92.64961209752984,133.13671170469877,86.94854776308483,97.35610273900421,18.39207013856345
43280211.228,2026-09-28,101.33525599705979,131.03874254699832,85.03701683463302,97.09581053742468,19.92163438306333
43280311.284,2026-09-28,97.96257061268172,134.10624016513293,87.89595813535013,97.47367338895275,16.876725954192192
43280411.340,2026-09-28,97.88411772419916,131.82012100883668,84.31032364839635,96.83963696640164,19.903661605527432
43280511.395,2026-09-28,98.09713635682229,134.34985253286663,83.90576738600815,98.27145582270651,19.04918319448152
43280611.451,2026-09-28,97.80909819668132,135.50907731448117,84.73631157294938,97.58099213163125,19.7047331372171
43280711.506,2026-09-28,96.13959764385781,129.11352617080468,87.45971896870049,97.26551518033268,19.215363681518845
43280811.562,2026-09-28,99.26427600576945,138.95879250916477,82.61494184137227,97.7130467680166,19.085125682556143
43280911.618,2026-09-28,95.31227119860294,133.17052406364064,83.1869091966437,98.00563187553243,19.682564150290187
43281011.673,2026-09-28,100.23437299056268,131.1524244977777,83.64490369518784,97.51081576424819,18.268676555550094
43281111.729,2026-09-28,101.02993233834036,136.32551665183772,88.96771928179992,98.01248451207688,19.08559318167936
43281211.784,2026-09-28,100.3606051627274,137.23660515096458,87.59056550413996,96.88317407256578,19.72962560012645
43281311.840,2026-09-28,94.45934944447336,132.7804557983193,81.8189940646709,97.73966526498135,19.19726767489886
43281411.895,2026-09-28,98.84200318254953,129.11210337497033,85.53151310576862,97.20299464576843,19.661156608843637
43281511.951,2026-09-28,102.30500664334848,132.65118663454825,84.40410427372707,96.6418680557629,19.391451466642586
43281612.007,2026-09-28,96.43353227837397,132.4576774295791,86.55344851239016,97.2114989399393,18.65586158530748
43281712.062,2026-09-28,98.71370979976156,138.11975322221207,86.73874454417378,97.09691867139175,18.456877478941095
43281812.118,2026-09-28,98.70999923196723,134.43444717854308,86.66034410757248,97.10381069594511,18.591123828293327
43281912.173,2026-09-28,96.81349611285614,135.52785717137527,85.28882746126509,97.79197330278178,18.804581078973797
43282012.229,2026-09-28,97.1378777859556,133.95111596706053,88.5988577385629,97.22125428400852,19.019464692689255
43282112.285,2026-09-28,102.75565236408585,134.93685401112938,83.95919744700541,96.92744884200796,19.275598800302323
43282212.340,2026-09-28,97.44205131758056,136.4546606413508,84.69171524694491,97.57128869801515,20.81199407207783
43282312.396,2026-09-28,98.35064945357125,132.90918594114441,81.29285185332755,98.04027361789954,20.78970780774886
43282412.451,2026-09-28,98.75329597379863,138.15289725356686,83.64877952117982,97.28930050136286,19.989052132685448
43282512.507,2026-09-28,98.6042340047488,131.23913687486493,79.74371304110466,97.09051710876462,19.531549858658256
43282612.563,2026-09-28,99.8892674695384,130.4971482077399,86.93269874915703,97.5615332176136,18.98355220057975
43282712.618,2026-09-28,98.01230737843747,137.5271348234285,85.10681295667446,97.6202339599804,17.852161630590757
43282812.674,2026-09-28,100.01814120013447,137.33205833241362,86.44074193828462,97.99986258532316,19.66278151770646
43282912.729,2026-09-28,100.48060158959929,134.02754621274786,86.18897624735907,96.90681553362995,20.22438063697699
43283012.785,2026-09-28,100.19169692736548,131.39014284191396,85.43346077324459,96.81359707010535,19.5405447868809
43283112.840,2026-09-28,99.12547288235156,138.4883831188732,84.65597496956084,97.41257107752395,18.845272431068317
43283212.896,2026-09-28,97.91618935244573,134.82670497060454,85.64475341722968,97.3881869804936,18.92362219845893
43283312.952,2026-09-28,101.8157804785375,132.17344604593305,87.48002785489693,97.4260607680676,18.335162644742848
43283413.007,2026-09-28,100.72627061173151,134.30307998563745,86.32974057317405,96.61774066579318,19.061064160060237
43283513.063,2026-09-28,99.43044176315902,134.40326456738217,84.29558703517517,98.23819654030045,21.016327489878954
43283613.118,2026-09-28,98.32201211535178,135.8526986185166,84.53289297181927,97.60196594439297,18.014060782618976
43283713.174,2026-09-28,100.34692664286787,128.78458125154089,83.17933081191953,97.19919039835423,19.474240811529288
43283813.230,2026-09-28,102.80173544648585,133.44112415300066,88.24216533001795,97.16603119859111,20.203201395589872
43283913.285,2026-09-28,101.47625198911022,133.86522065113616,87.16260867842846,97.75275952164866,21.62965583144976
43284013.341,2026-09-28,101.24989328414483,136.32943956031227,89.79906516793196,97.01880716834884,21.103194170065304
43284113.396,2026-09-28,100.21739441890163,136.66195277085643,84.71801202617763,96.76039092779463,20.37231335509433
43284213.452,2026-09-28,99.97387006273375,142.2247181464046,86.41536763863422,97.1093739638622,19.601721397702125
43284313.508,2026-09-28,97.49156009120793,135.65439985274975,87.95860827008035,97.747134051761,19.291548392187668
43284413.563,2026-09-28,101.36304370896886,137.4136024580701,91.04001220529989,97.50919754333958,17.520595529944533
43284513.619,2026-09-28,98.3691542330058,136.99580182361876,86.09487069634362,97.98768188636616,20.266943292690534
43284613.674,2026-09-28,100.59339600342665,135.60315727472195,88.1085768327529,97.31699756233235,19.64937126096176
43284713.730,2026-09-28,99.7902833794194,140.59201035700116,85.87255226750545,97.73418542951876,19.3575705207497
43284813.785,2026-09-28,100.63388180276861,138.5353549050946,87.20683717676529,96.51578702589013,21.384478164213007
43284913.841,2026-09-28,99.51507812641086,141.61946308809263,85.37514356986989,96.37670927591374,19.741697427646073
43285013.897,2026-09-28,97.18016433848412,133.49358260040148,86.16671901719783,97.76446575816405,19.041059034612907
43285113.952,2026-09-28,104.14630904282248,137.96654381348895,88.40232796164871,97.58319017434403,21.777247932718883
43285214.008,2026-09-28,102.2265499221532,137.1477548291242,86.61159029326987,97.33615450606355,19.614452254426748
43285314.063,2026-09-28,101.40527885576431,135.73369272085586,86.64305880905604,97.94131140057635,19.101106138965378
43285414.119,2026-09-28,100.16523540406163,136.07359310242248,85.82725103751866,96.77068227069972,20.673083902203793
43285514.175,2026-09-28,102.6761586642238,137.39114156726808,83.14102519462408,97.16625186177208,20.334554639675236
43285614.230,2026-09-28,102.32568399558423,140.64335883455448,85.15288312292208,96.0188096159384,19.04933090805094
43285714.286,2026-09-28,103.03679148735588,144.24075122163975,82.78781538038346,97.60487485440453,19.762894763122684
43285814.341,2026-09-28,104.18693826894761,139.49041075627218,85.2628625875288,97.32853679419782,18.834523116577436
43285914.397,2026-09-28,100.62465336931794,133.69004726857423,88.0649231376207,96.44714400069543,20.194235898528497
43286014.452,2026-09-28,100.9069421418923,133.88963125046433,82.32455078151577,96.86305693852991,19.38863945042816
43286114.508,2026-09-28,103.17438188177613,136.2310029326752,85.97505363267835,96.81138059566847,18.29425211080337
43286214.564,2026-09-28,101.79665934034433,136.90309836308813,90.54626567191384,97.16094173543979,19.141382448562833
43286314.619,2026-09-28,99.72692457537023,134.66265694138684,86.73427379538406,96.79767085867616,20.58294876658221
43286414.675,2026-09-28,105.92254469708642,137.36667247350127,84.05058762829296,97.13031357748518,20.64474996934696
43286514.730,2026-09-28,102.62723057863415,136.72061597930994,85.77092298719772,97.2946614675889,20.091716343554104
43286614.786,2026-09-28,100.80242552302458,136.46548242376497,85.31373249462244,97.20064801401423,19.26720072409907
43286714.842,2026-09-28,103.48518680399614,141.9584100601776,85.49445095836167,96.89346580760083,19.44854512197325
43286814.897,2026-09-28,104.01228758173445,137.16320059663283,88.22970298587231,97.27719540281726,20.415161247746024
43286914.953,2026-09-28,103.51688731442292,139.79555389533036,86.54648496493384,97.17912695618816,19.592003871870954
43287015.008,2026-09-28,105.16208123390244,140.73757552355272,91.027753495311,97.20310442432825,18.614566152549138
43287115.064,2026-09-28,103.23030590459906,127.90635740652213,86.33990461442876,96.75159659622481,21.7689692232315
43287215.120,2026-09-28,103.86188134103564,136.92456331222104,88.21240175731819,97.14188031587112,19.14372457201682
43287315.175,2026-09-28,104.37090397116003,139.97371359298492,84.4846770908589,96.3596641078714,19.24728947397428
43287415.231,2026-09-28,107.8981207116905,141.78837759040974,89.10354158793135,97.07205682364877,19.928160197083177
43287515.286,2026-09-28,102.30614674194311,142.56230349983963,86.82783129669568,97.50859675047161,18.11951644605145
43287615.342,2026-09-28,101.140491151526,139.47688760700782,88.64463324670905,97.25877250070326,20.267942936650343
43287715.397,2026-09-28,101.73110467096163,137.60200156852167,87.0864995965083,96.51109056695574,19.26349289493251
43287815.453,2026-09-28,106.1523747971307,136.60156385833074,85.18137059672763,96.79083237635022,22.413391271559828
43287915.509,2026-09-28,101.5732045024184,139.27761173794718,85.7868995600757,97.06698279661144,22.267179352166714
43288015.564,2026-09-28,101.9377833023343,139.92440792342097,81.97690856223362,96.6693181616862,20.277359862465854
43288115.620,2026-09-28,103.37129669357567,139.1118556621752,87.2253130263504,97.66664382515944,21.15378964213319
43288215.675,2026-09-28,105.7964770814445,136.96974703537228,86.17806910607574,96.86894346735852,19.912322014707108
43288315.731,2026-09-28,101.42294916036693,141.44620904461286,87.50947500953183,97.48422835367889,19.61326798572027
43288415.787,2026-09-28,104.06169467943515,140.3394205125094,85.10898803401777,96.50532831808758,20.005415168664516
43288515.842,2026-09-28,106.64002464814425,140.51801958433995,89.15189671219768,97.26324336281195,20.81214111621976
43288615.898,2026-09-28,108.24821711375341,138.59202176570963,85.01516521806,97.11305743667943,20.233198762835
43288715.953,2026-09-28,105.07643156701562,137.4656410258959,86.4609079337842,97.35272393142164,20.790963540365617
43288816.009,2026-09-28,106.70187831438699,143.2208329837512,87.49044787607124,96.64909587227785,21.96593866665
43288916.064,2026-09-28,106.84226302928955,138.3910716467797,88.73788583417809,98.35481444484424,19.77853594328385
43289016.120,2026-09-28,101.23648590371279,141.20753648587288,86.82600348431313,96.74944382237125,21.071970223170972
43289116.176,2026-09-28,103.04449033671821,136.78038866039861,88.91955816089437,96.958763373885,21.18692520079356
43289216.231,2026-09-28,103.74349593299753,137.57556019931118,85.87180281681418,96.15427252843645,21.382361595461205
43289316.287,2026-09-28,106.2809961988165,135.7969082545131,87.90095343526846,97.24070136619753,21.67203316055664
43289416.342,2026-09-28,101.4345709596241,141.8273775977375,84.12566589001804,97.42794516850127,22.55893731182231
43289516.398,2026-09-28,99.27369883252949,138.8212613089802,86.058610635729,97.1704129588837,19.516028000857432
43289616.454,2026-09-28,103.42292168124368,136.17774232366187,84.96002567798847,97.35345760609432,19.55851668414067
43289716.509,2026-09-28,103.77820044293868,144.71012675738777,84.93148794078904,97.01273282967955,21.18775085680465
43289816.565,2026-09-28,103.62286089588015,140.02114085367737,86.16068443649691,96.63433868073778,22.216422171207697
43289916.620,2026-09-28,103.03981933673334,133.074402743021,88.2028395111343,95.93868589976393,20.944320931710156
43290016.676,2026-09-28,107.26489184602391,139.608084313209,88.08608671236753,96.9600892968486,20.87228163246175
43290116.732,2026-09-28,104.72650504682278,138.2500786759834,85.82202177671836,97.33683856544414,23.57898740001461
43290216.787,2026-09-28,104.58421123653028,141.75807852841362,87.90414398423536,97.60273566621866,21.022383929371635
43290316.843,2026-09-28,108.12576218194327,140.96946058177315,91.0566561946284,96.65503084500891,20.086029413117213
43290416.898,2026-09-28,106.06572671067747,140.60541186215588,89.17693594952975,97.23102642939783,23.860307389225824
43290516.954,2026-09-28,106.71631401648915,139.4409199157328,86.3029151204344,97.55793699166956,20.610264361380334
43290617.009,2026-09-28,104.31289199907513,139.17970436753214,87.9891222779911,97.3959822293372,20.77883124255683
43290717.065,2026-09-28,108.89565978682018,137.6594965130688,86.78400579703994,96.10780243853499,22.923388240665833
43290817.121,2026-09-28,105.31934892511833,141.1034142688005,89.67693954203087,96.70534680725315,22.27461720939274
43290917.176,2026-09-28,107.84903655304431,138.9190284513901,88.192214854979,96.87796432768178,21.931521907465335
43291017.232,2026-09-28,107.62111178240315,141.47719219783403,90.30159984230204,96.45618035532767,20.92336428791744
43291117.287,2026-09-28,109.5475214884998,145.12505653958345,86.02346291593305,96.6374404662779,20.645846522635303
43291217.343,2026-09-28,104.63823110171195,138.46075237735175,87.80288424841125,97.83756872705929,21.098085918407506
43291317.399,2026-09-28,104.19516909491894,143.1284716004925,88.92595079416667,97.00537511276349,19.196602257614625
43291417.454,2026-09-28,103.82988136276614,142.15057417140486,87.17259761588598,97.50951438474252,22.142293964734854
43291517.510,2026-09-28,108.5228533825151,139.19516298832608,87.27234589220015,97.6314667677951,21.319486202619117
43291617.565,2026-09-28,106.34405654202334,144.30536567264832,89.59475803324403,97.71757930087519,22.614503938390676
43291717.621,2026-09-28,100.51212557760391,141.1827229368976,91.63894668592121,97.14925048959753,21.952843962929734
43291817.676,2026-09-28,105.04713378381827,140.76412263463052,88.42836970696996,96.53703539624443,22.089540203119217
43291917.732,2026-09-28,107.71692893516204,138.26762336067912,90.25981727890598,98.2214451985344,22.172342986145843
43292017.788,2026-09-28,108.71045294860565,142.6667275417923,88.2508992153833,97.29067668000562,21.6942599418793
43292117.843,2026-09-28,106.76305140449708,141.29513449647607,88.79696180107175,96.91332465142226,22.577360938907617
43292217.899,2026-09-28,106.85137400890754,145.79377810405742,88.39584100390465,96.68341704455864,21.65423819646317
43292317.954,2026-09-28,107.31035247094343,138.36884085599883,86.94935890969067,97.03697999997087,21.543467866470472
43292418.010,2026-09-28,105.56110515767513,136.2401099452028,89.34107495831726,97.12255312933645,20.257610816645627
43292518.066,2026-09-28,105.13507530427786,148.32989499315858,90.04014402894929,96.6974085278344,21.47482116548473
43292618.121,2026-09-28,104.51717644896601,145.37167056772864,88.34650672511114,96.32222179975646,20.853482852101205
43292718.177,2026-09-28,108.20261495676652,143.5996054864465,86.02663996391172,96.62831740804982,21.480434425571467
43292818.232,2026-09-28,106.65284268157717,147.18918715372396,91.48636229672861,96.40383934200311,21.299437309718297
43292918.288,2026-09-28,107.68006284091867,145.20619117347758,88.35249773721722,96.23878327264515,21.218843704767743
43293018.344,2026-09-28,109.14054085122359,143.33518287463679,87.49046659681802,97.29579021195386,21.29565071169782
43293118.399,2026-09-28,109.63521383440533,139.026748636289,88.43484088714943,97.74200828547411,20.85602474337486
43293218.455,2026-09-28,104.71407355329356,138.80055513183595,83.82707025400167,96.91661526188727,19.95524556288185
43293318.510,2026-09-28,108.21865184684519,138.64511843450998,90.77413513221818,96.49287699789488,23.85177572457997
43293418.566,2026-09-28,107.59015429094525,145.6987130686866,88.47164307274376,96.02172960767932,23.03981303131037
43293518.621,2026-09-28,103.73739491207154,144.6410242537374,90.43929017386651,96.78899743544099,23.811474430706216
43293618.677,2026-09-28,107.80165307090128,140.15419759268025,91.12830442765514,96.11883820869328,23.16192379456397
43293718.733,2026-09-28,104.11374767672393,141.68016822798188,90.80607171226492,97.12939654840979,21.248371888537562
43293818.788,2026-09-28,108.62605013754386,143.5951881503205,85.54900677538416,97.10662436861028,21.12493749642203
43293918.844,2026-09-28,106.10009188518602,139.90429849169584,91.19506984526791,96.7246582952775,21.17350707771121
43294018.899,2026-09-28,107.90271242259269,145.40244651617257,87.42580305003237,96.71028337331063,22.215189261792624
43294118.955,2026-09-28,109.78502273840313,144.87214951394813,87.47397339314317,97.43710001602733,21.86068891196832
43294219.011,2026-09-28,107.11746381671166,144.6127513235401,88.51329329303049,97.25797913084476,22.51679966104255
43294319.066,2026-09-28,105.03835916360667,144.33073196512817,88.72360317613882,96.35571594342306,22.411225516774092
43294419.122,2026-09-28,107.96086303244599,140.60959842753618,84.91992876107744,96.90048496550536,22.60294259703641
43294519.177,2026-09-28,105.64491500101587,138.98697072628974,85.92703156212283,97.37084306037845,22.02864902927373
43294619.233,2026-09-28,111.71647827682712,144.22188457404212,90.41249084554889,97.5404405145181,22.07264380959722
43294719.288,2026-09-28,110.43902135229767,141.26138592031305,91.92700930949091,95.93823906958104,22.849134873554327
43294819.344,2026-09-28,106.20531869522144,140.97419366816865,88.97189126277169,96.39284343592041,21.387821317007273
43294919.400,2026-09-28,105.98604110252718,144.35311611641328,89.5373733579786,96.37088925840277,21.449281881274093
43295019.455,2026-09-28,110.7449103439269,143.47602293878649,89.23230557084636,97.14826208450685,23.025850080238946
43295119.511,2026-09-28,109.05259913619572,141.47751887641948,86.49066697597036,96.57302392204382,23.423087411290275
43295219.566,2026-09-28,108.98188289714743,138.25112655541514,89.36051686426657,95.71900959445021,23.097602063558316
43295319.622,2026-09-28,109.28569890889842,137.34132842391782,84.90758723172661,96.55640061845925,22.274389612565415
43295419.678,2026-09-28,109.20714271661981,145.96066389575603,88.88066561247625,96.10053017225944,24.163860145076253
43295519.733,2026-09-28,107.24952476904065,144.00334338438398,88.41770516139556,97.13881813826568,22.017366240291967
43295619.789,2026-09-28,106.85573407378361,141.0198928552792,91.09248891587684,95.9789987524904,21.094677356598503
43295719.844,2026-09-28,108.24025189581363,142.58134533755134,94.17448336499365,96.96430770626219,21.962737632206228
43295819.900,2026-09-28,111.56573053846652,142.10500607493586,90.8881081321166,97.13493557590775,21.989989807464124
43295919.956,2026-09-28,108.98556269108974,143.89309315525065,92.74062843881381,96.67709875467183,21.982580575609322
43296020.011,2026-09-28,110.86877844377706,145.59245640056312,88.62175721946556,96.66503710153994,22.136939716289692
43296120.067,2026-09-28,110.2487261829575,144.3783547247143,91.13504805623168,97.23192854830943,22.26914016182558
43296220.122,2026-09-28,111.18209209330234,140.4012294311779,86.69188743618983,97.34727512143931,22.11812904096424
43296320.178,2026-09-28,111.02856510514115,140.0154957289214,87.8232464962467,96.51380667039017,23.6466952863558
43296420.233,2026-09-28,112.36103547365393,143.4153931909438,87.23275275895776,97.26800054587062,22.874598117079106
43296520.289,2026-09-28,112.86022064252911,142.2764292151143,89.32600717264752,96.32036417141138,21.024232583716127
43296620.345,2026-09-28,108.94103778477965,148.77275453581865,90.61316134252625,96.66749134453786,23.05762087116304
43296720.400,2026-09-28,113.16277218730276,138.3534942863314,86.84465621717465,96.92640182883876,22.047753939050907
43296820.456,2026-09-28,113.01289750327601,145.0390859440405,91.4400601790769,96.63794995309767,23.515939863982087
43296920.511,2026-09-28,110.38438299158571,141.22451138301597,89.76525684864008,96.25644268010846,22.09223595055245
43297020.567,2026-09-28,106.04999026756896,141.3959019919156,87.67958460773184,96.55677243439116,23.52127316013092
43297120.623,2026-09-28,109.37721233614924,140.4351336550524,87.65755060778548,96.42830356356819,23.121012456288845
43297220.678,2026-09-28,110.299898391847,146.90713618322542,89.7766425803159,97.77409498565157,21.815492294704597
43297320.734,2026-09-28,115.8485603283749,142.63656301655337,94.69018595354393,97.36435672143375,24.025181308096464
43297420.789,2026-09-28,110.90774912260221,143.7337724805751,88.97165140555735,96.59090331759867,23.830924978000382
43297520.845,2026-09-28,111.1395858108653,147.3369428198854,89.8967577618501,96.79659113332241,21.67043104025666
43297620.901,2026-09-28,112.54934872575535,141.1303498115189,90.10966219090197,96.23346731969056,21.734517808348087
43297720.956,2026-09-28,114.30194586072083,147.73505503105656,85.59719480401685,97.09041953745526,23.000494390097973
43297821.012,2026-09-28,110.98347888507577,144.86186320725966,88.73067215230336,96.52213793668915,23.34429525630877
43297921.067,2026-09-28,110.02933677953118,144.98964953255157,90.2112453098507,96.98308967234371,22.577448617486276
43298021.123,2026-09-28,112.72066637363048,149.80916791990205,92.99043168640581,98.59202048138368,21.314637770299267
43298121.178,2026-09-28,111.69574353690899,143.25680975797405,93.03005810111675,96.56404624093041,22.793933949990826
43298221.234,2026-09-28,113.51985791322033,140.76352036992546,88.73788700703592,97.33443181335655,23.48207603782462
43298321.290,2026-09-28,111.45901888425165,145.98180045367837,87.90272966032126,96.93537983863622,21.59363485960827
43298421.345,2026-09-28,113.4445767385946,144.1211008835397,92.88934778197067,97.15029064998721,23.87274216664925
43298521.401,2026-09-28,111.02244309316569,143.52110530798646,85.67342498739286,96.82080319541059,23.645199812028405
43298621.456,2026-09-28,110.49538672368053,144.3109450422708,86.78961165719973,96.4334315255236,24.17290182121452
43298721.512,2026-09-28,111.64231483977764,146.05042113746484,90.83592151399571,96.53964874190936,23.988554888818236
43298821.568,2026-09-28,113.17249964196768,146.37778768923667,89.87498570873616,96.4933379631739,24.747683570336907
43298921.623,2026-09-28,113.97532895256688,146.44424336558535,87.95815663435735,96.90863310813042,23.99535544851111
43299021.679,2026-09-28,112.22981191082496,148.7983394853134,87.63687339602353,96.33250043235932,22.454083347547705
43299121.734,2026-09-28,112.57579845472173,145.69078970880366,89.87790130089675,96.43680034625645,22.262098337563373
43299221.790,2026-09-28,111.63244964131601,146.8607095384749,90.6612611492873,97.4893433673681,22.3388415816411
43299321.845,2026-09-28,108.60377442211517,148.1247720589132,88.56521382028102,96.87831407474765,24.34094357901648
43299421.901,2026-09-28,114.3036972676334,145.24916597571104,86.62353258457998,96.96546784189384,23.939828936581645
43299521.957,2026-09-28,113.55705788375467,150.19966827255905,90.98281161971092,96.78702550716146,23.984108237253285
43299622.012,2026-09-28,110.4027387961272,149.2808961871527,90.88629332174153,96.65383266512477,23.91056023295765
43299722.068,2026-09-28,112.5724547880815,144.96796809442682,86.1405932954311,96.7991116659094,24.76454287496582
43299822.123,2026-09-28,114.00322788221675,140.97445621952858,92.58667123999892,97.23129177230466,24.123392167508115
43299922.179,2026-09-28,109.93173548356701,144.25104141642512,84.50265254446684,96.12692872311011,24.290257487536945
43300022.235,2026-09-28,110.85471973959662,144.30978264170201,88.39004767741481,96.79349745451722,25.23835259966529
43300122.290,2026-09-28,110.80771445050344,146.74055062143304,92.50224453767002,96.00388993237411,23.327594856101022
43300222.346,2026-09-28,111.04367184723311,146.1948250678089,90.7191801832476,97.05613587964649,22.08411692787531
43300322.401,2026-09-28,113.19871521780955,145.20297724745177,87.97634143666515,96.70281234864244,22.80052777144256
43300422.457,2026-09-28,113.6095636083336,146.78204324057938,89.2544447972798,97.07217002661736,23.9020827301913
43300522.513,2026-09-28,115.8970909084586,146.77517194554179,91.57023476057675,96.82280164428605,23.121160797538316
43300622.568,2026-09-28,114.39195090619069,145.7377590298845,89.23596980991165,96.56199623146071,22.44440100398995
43300722.624,2026-09-28,115.33289832988235,151.90217748139847,90.33985270489345,97.02151064882678,25.196846495053812
43300822.679,2026-09-28,115.72758082349809,143.94999519236427,88.63842565229128,97.00264803163688,24.6564825666765
43300922.735,2026-09-28,113.8479986930907,152.5099349433542,90.61687325108126,96.54125248563165,25.723437317182103
43301022.790,2026-09-28,116.03732451607472,147.73678818135414,92.42854236301542,96.50215857684914,22.678301968399815
43301122.846,2026-09-28,113.54264929305717,152.60325493975355,90.72739545094613,96.875277662605,22.9586867722452
43301222.902,2026-09-28,118.29540561921593,146.94162239601303,88.72428193366221,96.52298388358085,23.505587547120918
43301322.957,2026-09-28,112.69375009762314,151.09393642356665,86.77316019900606,96.4448817323679,24.602269453747937
43301423.013,2026-09-28,112.36264795206642,151.298547444863,87.93326916466165,96.26078227703951,22.701527236841248
43301523.068,2026-09-28,110.60103417000616,149.4453937612426,90.36674961453993,96.63109803772913,23.253763572459516
43301623.124,2026-09-28,113.2152006268538,140.7604799604374,91.21892625492254,97.20811182746047,24.340847817256243
43301723.180,2026-09-28,115.4092438856763,143.9267539795755,94.10696394866946,96.76314165346145,22.35185126248722
43301823.235,2026-09-28,110.98150781246885,150.27386257840018,93.04729283526262,96.92697229922248,22.636781775887563
43301923.291,2026-09-28,113.63368887966436,150.19785990572032,91.13802894745861,96.15174199006435,24.858388035811096
43302023.346,2026-09-28,118.55239989166355,147.1868402774464,90.86075024389247,96.40200380473946,22.987157787166936
43302123.402,2026-09-28,113.32310938423984,148.99401132015495,92.21866343524628,96.55588236292705,24.588359410323793
43302223.457,2026-09-28,117.49612979386734,142.0032451504139,92.02381379344445,96.29891209317212,24.521220675967648
43302323.513,2026-09-28,113.38444426781447,148.39294172173462,88.29320830153704,95.83222855557196,24.314599301099896
43302423.569,2026-09-28,113.95728613064115,147.64221612373754,92.0633580875492,96.91451087613186,24.431766337489954
43302523.624,2026-09-28,112.75901509453391,146.3454538464215,89.7189144059904,96.86363050699332,24.638127268487786
43302623.680,2026-09-28,114.40522681846035,147.51762251021822,90.05310694458166,96.14538162568084,23.534885840493512
43302723.735,2026-09-28,113.4443013840869,147.6371802805507,90.74854073921293,96.62360298198872,24.262445791224053
43302823.791,2026-09-28,120.21097798556704,148.89204836404014,92.81063972592638,96.78582666358213,22.66196313711698
43302923.847,2026-09-28,115.55155286096516,152.67753161240864,88.19150774133001,96.45061954736555,24.449855098443628
43303023.902,2026-09-28,118.49227558802035,146.32229396924023,93.41684849511951,96.73460537521326,24.157872540364107
43303123.958,2026-09-28,114.5867971879984,149.14554388397508,89.51775917231728,97.0746702523282,25.45294319536104
43303224.013,2026-09-28,113.27054516115449,150.77731338286299,91.10848806457801,97.27259177845644,24.471696268282958
43303324.069,2026-09-28,115.83604038953051,150.17753186475048,90.73962314279215,96.6538309517299,24.869556885354996
43303424.125,2026-09-28,120.0581039678136,145.64845068270677,90.97404757966352,96.26380362561642,24.931983845933406
43303524.180,2026-09-28,115.57756164203892,153.5159258226985,91.29182881513493,96.22912189439177,23.488165420716705
43303624.236,2026-09-28,115.61731970587672,150.7197534966044,92.22417158367394,96.3852778736413,24.878343288830834
43303724.291,2026-09-28,118.05230607929342,148.12208970448089,91.30619457015047,96.06626831186259,26.120706016550947
43303824.347,2026-09-28,116.759168737656,153.73769814701924,92.90543754532105,96.76832714482993,24.144739884918
43303924.402,2026-09-28,118.27149538926139,149.8094422842536,94.03251669849062,96.31449623051977,23.565636128549706
43304024.458,2026-09-28,117.66627544204974,147.86439716587068,89.91664306019298,96.46658944199368,23.94969530879838
43304124.514,2026-09-28,114.84532048341511,152.832734469276,88.34933159223118,97.21718554383278,23.42216281689751
43304224.569,2026-09-28,117.61341027229166,149.67884645307598,91.26637093443534,96.50046169183402,23.53417860030155
43304324.625,2026-09-28,118.89953408868944,144.05644889973007,89.08064169194691,96.90975720667818,25.136213475627738
43304424.680,2026-09-28,116.97038514357837,149.91204645533887,90.82558605379955,95.88142579925392,25.238701131519466
43304524.736,2026-09-28,117.15598886471514,150.57184539582684,91.85547048212105,97.59400907015922,23.805177462966153
43304624.792,2026-09-28,115.80154006354083,150.94899669528817,92.35957523953621,95.84062982150998,25.523356800995018
43304724.847,2026-09-28,121.83931319426843,149.67517333148848,91.05381647223112,96.35841645389411,23.17323959591116
43304824.903,2026-09-28,119.29721177145545,148.23567086175785,91.51825748744459,95.82731439439678,24.435510009688308
43304924.958,2026-09-28,118.10411264754434,151.1881932239439,89.1621170651474,96.27403110306463,25.04751334161889
43305025.014,2026-09-28,114.19517318873461,147.77250800492948,92.20003169677821,96.4809531862224,23.638336191625033
43305125.069,2026-09-28,121.02714976275456,147.93840923362535,90.63684492454034,96.59178990556086,25.714120986530876
43305225.125,2026-09-28,114.79941731995791,151.82496978676534,89.35969627345379,96.77011852195164,22.62695767318618
43305325.181,2026-09-28,117.92714953180482,153.40457438086074,89.8035463671345,96.56403661283234,24.333239090535542
43305425.236,2026-09-28,116.77261289326347,150.8652339057481,89.60273911226804,96.53270431913056,24.169507682826612
43305525.292,2026-09-28,120.22213141794455,152.2725585660646,89.9677893278964,96.24611494239379,25.665254374747327
43305625.347,2026-09-28,116.66961789058384,151.5826850756938,86.60824753332027,97.19440206113153,24.71489122953266
43305725.403,2026-09-28,116.25784195401096,147.75959320774302,90.84341074135897,96.57396561302488,23.790107162977073
43305825.459,2026-09-28,120.96106245877496,154.2490959291505,90.75379587643366,96.1309449296735,24.311321237219385
43305925.514,2026-09-28,120.84192465414309,144.74336769314158,92.0893213814998,96.01001447093842,24.704710174452746
43306025.570,2026-09-28,116.95935738602338,155.87190423419048,90.58692591772397,96.38650731589964,25.786875449333937
43306125.625,2026-09-28,119.28921698161503,154.37530393431078,91.31643380176466,96.44368036587801,24.96425575169509
43306225.681,2026-09-28,120.45238188680014,152.19971170535896,90.76208347240113,96.81089498123214,24.96490403723603
43306325.737,2026-09-28,120.22464873580267,159.5123746476931,92.86850412647085,96.76090813136038,23.096498715756713
43306425.792,2026-09-28,116.48832734609903,148.54668250367132,89.95015343087721,96.09434292748504,24.381476316689856
43306525.848,2026-09-28,120.00993639446246,148.64132995949717,91.87272795806237,96.64705347941613,25.280184013086107
43306625.903,2026-09-28,120.55383059043287,144.52497324317108,93.74255169972025,96.00674517194336,26.66054798361867
43306725.959,2026-09-28,121.11606193911426,153.95439481817272,89.56328729954447,95.67062595736067,25.09056283178088
43306826.014,2026-09-28,118.56595843066683,150.39550439830688,88.58121704126125,96.35360350593808,23.896228312938756
43306926.070,2026-09-28,117.6427073683997,146.79123790634986,90.5186376595285,96.30989461777123,24.961211568326434
43307026.126,2026-09-28,118.88346602843338,150.24243632996962,89.06006812699812,96.65493625206166,25.556364463237124
43307126.181,2026-09-28,117.98635341927371,152.31427883273267,91.33930614773473,96.57943716850332,23.979191136805003
43307226.237,2026-09-28,119.24638260921334,152.12761029165455,91.0816796941675,96.57788351036315,25.84025425828925
43307326.292,2026-09-28,121.45992333570359,153.95965393397796,93.15695662622446,95.7553288054805,24.88292395277626
43307426.348,2026-09-28,121.52428921164866,152.34604184685995,90.28466471458744,96.91411172525841,25.418379151789
43307526.404,2026-09-28,118.76966457913755,148.01543137011205,88.94750938333847,96.82053806205516,25.190605409950976
43307626.459,2026-09-28,117.94382943469388,146.80196923090108,96.49791124945696,96.77502283879815,25.881573091823896
43307726.515,2026-09-28,119.215895956309,144.6601140535467,91.368603859913,96.73156824954725,24.747601777360078
43307826.570,2026-09-28,120.02795864175934,153.70217334488623,94.4036699743887,95.13566287674328,25.65647294609327
43307926.626,2026-09-28,118.44140508400093,153.15200535166915,92.45917446960078,96.94530234400106,25.253491945735643
43308026.681,2026-09-28,121.33036151102084,152.83689049298025,92.4596110007646,95.7125700449739,25.597077972213413
43308126.737,2026-09-28,120.3441577311488,154.27207158743306,94.03812597004847,96.09172237368698,25.823465136482938
43308226.793,2026-09-28,119.03251205461817,153.74675341680341,94.94704383599503,94.63203247761503,25.033150847591877
43308326.848,2026-09-28,116.83989180748202,148.96397478603993,94.84699671268598,96.010139039725,23.902661605724234
43308426.904,2026-09-28,121.38945234355032,149.88469753424218,93.93002991483473,96.3159692518639,25.052584642783962
43308526.959,2026-09-28,123.04014467600646,152.29119566571438,90.19234320355753,96.22376381335982,26.892251830849116
43308627.015,2026-09-28,119.26701543657602,151.84799880741463,93.13387971358469,96.5989056563634,24.284861546050276
43308727.071,2026-09-28,120.88576034417494,150.6398610183581,93.70472002214245,95.88950970620549,25.930569979682016
43308827.126,2026-09-28,120.15473567647237,148.51761142488343,91.2417294402761,95.74349828385854,27.055888541424412
43308927.182,2026-09-28,120.41415045516202,152.03325555155163,91.70035146676649,95.99151251144649,25.12088979211187
43309027.237,2026-09-28,120.45402759914165,156.63249627766876,88.15057716005707,96.28380757622955,24.14115810061079
43309127.293,2026-09-28,118.40703758982082,148.78274673854258,89.05578653288899,95.90715512478647,25.145591221480423
43309227.349,2026-09-28,121.15970829426588,150.93882797567525,93.94657056835987,96.80116513831325,25.626357853234303
43309327.404,2026-09-28,123.51428933768742,159.41141577668438,94.59674697340793,96.28527856388854,24.80321802091649
43309427.460,2026-09-28,120.85755848338695,154.07838920520703,91.80680239836776,96.48456060274867,24.516813160442204
43309527.515,2026-09-28,121.93781395529396,155.99244002444826,93.44680937036144,96.38683563449935,25.756186956956995
43309627.571,2026-09-28,123.43037615880112,151.15554207345372,91.4315185164166,96.5077221289268,26.446345113139333
43309727.626,2026-09-28,118.38790368247996,153.2280330408999,94.1292750875099,96.65661439862161,26.079832491476772
43309827.682,2026-09-28,122.71490963737341,150.80695690602764,93.20430317319176,96.2021425114064,27.261788616564893
43309927.738,2026-09-28,125.6777014580797,151.56135006151575,89.40894969920373,96.08143396857508,25.62563417009074
43310027.793,2026-09-28,119.60653150701047,153.57409835785035,93.37549631421608,96.3206516916005,26.120427639080457
43310127.849,2026-09-28,123.33831987844823,154.90114366194572,94.55038601482944,95.65838662877316,24.163176323003164
43310227.904,2026-09-28,121.37401711125045,154.12415682381743,90.94003915576916,95.87138334377559,25.980891322836165
43310327.960,2026-09-28,120.3846386848059,151.230822598015,91.15439839243726,96.82196586142153,26.659375690833475
43310428.016,2026-09-28,127.14849111411947,148.45077014006546,93.05814247946857,95.92433922464717,26.288110254172476
43310528.071,2026-09-28,122.9071621647292,152.32062365595223,90.51966205780083,95.73537895175217,25.782116093812228
43310628.127,2026-09-28,124.57783590937116,156.30231618063647,94.90525835441028,96.32816844289036,27.90494607373098
43310728.182,2026-09-28,120.39917790013865,156.97906556855426,95.09592280372273,97.400823580468,26.98601064916092
43310828.238,2026-09-28,121.93246034206506,150.41907462420764,93.61044990761279,96.90258562067778,26.462397391772356
43310928.293,2026-09-28,126.27716962405844,156.60899725163634,95.48353987636555,96.54923428084376,26.40396473302246
43311028.349,2026-09-28,125.35182890764109,146.8344330561034,89.14368495137634,95.54037868570316,27.544773415543577
43311128.405,2026-09-28,123.6254552111462,153.8122163840691,89.99058635299173,96.97487503238266,25.86761457875733
43311228.460,2026-09-28,123.37947213086521,151.11846130145966,91.44319931808285,96.47197092295468,24.99450757643324
43311328.516,2026-09-28,123.84860084304057,152.8517620229917,92.63273828134878,96.46779270198058,25.64793906813423
43311428.571,2026-09-28,122.01746552678635,155.31171422120465,90.63810405497355,96.06484482627094,25.93626113486253
43311528.627,2026-09-28,124.44026843800259,154.57763589744596,91.48215581207715,97.00103119894291,26.795200153428393
43311628.683,2026-09-28,122.44930154294074,150.48182633106518,91.36587082054893,95.07436281440215,26.378552259610995
43311728.738,2026-09-28,121.80485276460315,153.57588203211233,91.07838606230233,96.09363126383641,26.33645211771294
43311828.794,2026-09-28,121.64676623716463,154.66871258111533,93.79863352166471,96.0287527075862,25.634516247799212
43311928.849,2026-09-28,124.12766414760573,155.401062217752,91.69455482898655,96.4183888108664,26.67968148082008
43312028.905,2026-09-28,124.81942976280385,156.74538067014572,92.04526400918613,95.65126461230369,24.276508082513146
43312128.961,2026-09-28,124.0240733370361,153.3535383515875,91.97141437270679,95.99673297260756,25.076317097292677
43312229.016,2026-09-28,124.43929535228811,156.63636798559244,91.21981206870338,96.08656125712051,27.434979281803308
43312329.072,2026-09-28,123.10524684560518,155.2170794312387,94.29624662228478,96.90668631427354,26.26310050424511
43312429.127,2026-09-28,121.03790251369125,153.20789907452533,92.77758886086448,95.2649243695206,26.827240743909655
43312529.183,2026-09-28,124.18591103526141,152.62193212841606,92.24524306580342,96.13229427990387,25.70610701875705
43312629.238,2026-09-28,125.34132087471598,152.06618552653953,92.78627051981802,95.5360476861862,25.832761309054135
43312729.294,2026-09-28,124.40672584440699,156.79018325430079,91.89119489295368,96.58883545930897,27.543504730390758
43312829.350,2026-09-28,126.52422325817588,158.89852577103127,94.53540481310999,95.83063374920522,24.971407707121145
43312929.405,2026-09-28,119.96214751014209,156.5868133198563,91.71593982885943,96.8777187875987,26.34806477419961
43313029.461,2026-09-28,128.4730801435607,157.20507631542355,91.62033320416441,96.48639926420789,25.477504551344573
43313129.516,2026-09-28,123.63617001717817,158.36931678724312,91.84480182316601,96.28014223380634,26.574630170001527
43313229.572,2026-09-28,127.38537615070797,155.0441302854888,95.54545536389999,95.15330602801298,27.82237160040434
43313329.628,2026-09-28,126.6954528481328,152.76667208496858,93.43057588408797,95.24097735767907,27.17482762138531
43313429.683,2026-09-28,124.14420843111577,152.11831989307387,95.29499978602581,97.30987810913638,25.01668073313653
43313529.739,2026-09-28,127.52414983381588,155.39863397607684,96.57159196927262,95.27173711358482,27.855513097666005
43313629.794,2026-09-28,120.1505746622425,156.10314786244984,91.12780380110881,95.44219108174627,25.36650699898541
43313729.850,2026-09-28,124.11024685475815,154.7011020563164,94.5384311594613,96.1807279804395,25.524524179852616
43313829.906,2026-09-28,123.2309960684949,153.51696291970921,96.34285461038561,95.99249930368008,25.020775829874893
43313929.961,2026-09-28,126.81852683437519,155.20654860733504,92.87200630019768,96.82209046290531,27.55328554573687
43314030.017,2026-09-28,126.63922795031361,160.30020477674438,92.64999288082018,95.3530870210029,25.6938436559909
43314130.072,2026-09-28,122.66307116745114,158.71753392804055,94.87399989037957,96.206904558212,28.002438148906137
43314230.128,2026-09-28,123.75509815312142,152.09577561440216,89.68465420086028,96.18926554038771,27.428634985074194
43314330.183,2026-09-28,126.18080487776739,152.6047199077807,93.92286302661321,96.78199693131721,25.516216709428264
43314430.239,2026-09-28,123.03676817256871,158.73245307923068,92.67374806279373,96.49247969231645,26.798192360331225
43314530.295,2026-09-28,121.6904983353866,157.92805268366595,85.79934476661703,95.97693663215894,25.6773529255216
43314630.350,2026-09-28,126.50141135383977,160.42588379748105,92.15111881223572,96.14267457223512,26.000298293231605
43314730.406,2026-09-28,129.35187685186844,150.31502921724834,95.77769930787369,96.53944792641002,27.361497398332403
43314830.461,2026-09-28,125.78419743957768,158.43053848021256,91.80670694159363,97.10092614491684,25.54013304063629
43314930.517,2026-09-28,124.81857643413355,155.96652362059703,90.55067684712729,96.3426673711507,28.046495238339425
43315030.573,2026-09-28,125.29232313044666,159.0109917417965,89.90267046076396,96.54865273683691,26.65102664405425
43315130.628,2026-09-28,123.60725396283031,156.36774520820836,94.77182836471607,96.16666535061067,26.990351487654117
43315230.684,2026-09-28,128.25289569802266,151.71208476328064,92.85347410220741,96.2529572161489,27.61357253373283
43315330.739,2026-09-28,126.21983347779978,156.22422108274313,93.23220194319346,95.56506820741687,27.449869926154882
43315430.795,2026-09-28,125.24079297887474,152.8541953884757,95.48633737519059,96.4386048247566,26.800028604086947
43315530.850,2026-09-28,124.37817553120061,158.54997387010673,97.84809992346906,96.11798658864937,27.132584141514563
43315630.906,2026-09-28,126.90905401215184,160.7783056186728,92.67244055087691,95.8774993037853,28.362335963399683
43315730.962,2026-09-28,122.52765916143902,159.78872870422202,95.68228200948558,96.52821116322296,27.194492761499323
43315831.017,2026-09-28,128.29510395284007,159.601594133083,93.92650822194817,96.0005655392237,26.118264849107415
43315931.073,2026-09-28,127.76033591016343,153.80250946782985,92.42095565208079,96.51662367618833,27.03265399532082
43316031.128,2026-09-28,123.69306328795086,158.30654318160444,95.16451163610643,96.14224817057739,27.44414808261329
43316131.184,2026-09-28,126.2189985885116,150.0464656184959,96.38831191426857,95.88473222871156,28.117790417223777
43316231.240,2026-09-28,124.80540016930769,157.53450356046434,93.21751649997223,95.40255904758294,26.885939792788427
43316331.295,2026-09-28,125.92482517180663,157.45553522216971,89.47393778638683,95.3825280324662,25.588815393333384
43316431.351,2026-09-28,127.29525740251356,158.16490147866696,95.10587428010166,96.0839089485735,27.420223330413894
43316531.406,2026-09-28,127.98545824675728,160.40067771352642,95.60551938722497,95.63416826031467,26.836330115834958
43316631.462,2026-09-28,126.41641452238758,159.6997031951757,97.34346531156278,95.85018124786714,29.367780696215164
43316731.518,2026-09-28,129.14912185497582,156.2849502578613,90.3301136982539,96.57139863999028,29.181448824409934
43316831.573,2026-09-28,125.3634447008488,155.1942518896832,98.0785364874762,96.27538921828004,25.616347025143845
43316931.629,2026-09-28,124.08577226389866,152.75851558359278,94.30768298011239,96.3736537777027,26.144012786629204
43317031.684,2026-09-28,129.01237568278015,159.42258852853374,94.68961701535122,96.04297755779267,26.679643474873114
43317131.740,2026-09-28,125.87285235147662,159.5692211047035,94.65562027854871,96.56109697536313,27.697822343444162
43317231.795,2026-09-28,128.40194270495138,155.35676236533934,95.92157739653385,95.50058653895309,28.80177759383469
43317331.851,2026-09-28,127.46396319426016,155.4233143933697,94.7350709029885,96.65361061141223,26.32910609691729
43317431.907,2026-09-28,132.22800486939693,161.514625208359,93.91088952251867,96.18058978515577,27.808582589313595
43317531.962,2026-09-28,128.24556611977277,157.945958552828,94.54857748666623,96.31979115037899,28.549026934730374
43317632.018,2026-09-28,128.32368344633835,157.9832324167093,96.0965605971896,96.33355685743018,27.07039731902454
43317732.073,2026-09-28,129.61427558858676,159.67488513575296,94.89388871833016,95.41177124721844,25.705573049977804
43317832.129,2026-09-28,130.51757959245242,159.2513116157709,96.05937586705474,95.990833662322,26.7326170202518
43317932.185,2026-09-28,129.99064424518545,157.1071192585008,95.65512829351151,95.71841625947532,27.549635312557825
43318032.240,2026-09-28,130.221733534446,154.9617846342938,90.67416459412945,95.61167636645966,28.115904516567962
43318132.296,2026-09-28,126.93560553687419,158.61419652319458,96.07155708360402,96.2144673889215,27.922338188123092
43318232.351,2026-09-28,129.6837453869659,158.69237872620783,94.82542523769209,96.18973122998818,27.135776757475828
43318332.407,2026-09-28,128.60438115634327,158.75413511079972,93.21761747546974,94.95742573186486,28.160256802700232
43318432.462,2026-09-28,129.73185567214438,164.9309714701963,94.78480593617924,95.80157887198719,29.57013279512333
43318532.518,2026-09-28,124.85726491433623,157.6471567387047,93.90247468461222,97.07698081755242,27.79216294558787
43318632.574,2026-09-28,122.41240980446712,160.2613390459436,93.45824053181356,96.24643774986404,27.483069727342013
43318732.629,2026-09-28,127.4906092631059,154.42106894335976,94.24787405144542,96.13356226626496,26.539251102455466
43318832.685,2026-09-28,127.48422090054093,160.09357997017204,96.36765520419456,95.95233980278783,27.647385757361484
43318932.740,2026-09-28,130.25453139913836,159.5957939313806,94.95129416601257,95.97921078975064,24.98249797245088
43319032.796,2026-09-28,129.23440946590654,164.49992043008027,97.18235925938103,97.14124878064695,26.227370645151094
43319132.852,2026-09-28,129.9100044704263,159.03730181548744,94.65428085742921,96.80954181775728,27.54045393193159
43319232.907,2026-09-28,130.27061891452405,158.59059212760025,93.06093106535043,96.41137115025312,26.14097672196686
43319332.963,2026-09-28,128.5072465189266,158.08842921012544,92.23716461125835,95.7032651797201,28.86076991725959
43319433.018,2026-09-28,129.7970055099887,161.32830014173706,97.677455993859,95.60902455104412,28.10590750043017
43319533.074,2026-09-28,127.51605471899579,163.35208690093674,94.9362248424967,96.07702665219728,26.963975352139872
43319633.130,2026-09-28,128.12134639872906,155.4737467577734,93.22591258181991,95.95248288708176,29.568940867766873
43319733.185,2026-09-28,131.96739908895339,160.2168442797967,95.67374314113174,96.72735029929747,26.465992521049326
43319833.241,2026-09-28,130.51853791774553,159.13260669496728,92.84949168745271,97.02762271072916,28.424108511610612
43319933.296,2026-09-28,127.08257072902269,164.1474468595382,95.57379093882118,95.43530659274515,28.097928965939225
43320033.352,2026-09-28,134.63751274887815,156.37275178759222,94.13813041510213,96.36763022719373,29.122678733469016
43320133.407,2026-09-28,130.17467478299022,158.95858461532313,94.71366787956823,95.81808213151122,28.301369202233126
43320233.463,2026-09-28,131.52682418787992,161.73607560663288,92.77169789735159,95.67145652553964,28.609427308668216
43320333.519,2026-09-28,130.9694675549672,163.20852804437268,92.74292060913942,96.24238454538862,27.613821283005386
43320433.574,2026-09-28,131.7372356709906,162.45415634313258,96.63660302079094,96.52541086812846,27.620613914830233
43320533.630,2026-09-28,131.48544319629283,163.4343409794521,97.02728130139305,95.73105425047494,27.508485965248454
43320633.685,2026-09-28,125.50892900751788,158.18450384130554,94.55215792320105,95.33127946700421,26.696706674501915
43320733.741,2026-09-28,128.93789371162083,161.85461453493863,92.24439891000426,95.97857711281041,28.769487890686165
43320833.797,2026-09-28,131.46882554242146,161.78126352220835,96.48371312694051,95.47674955124602,27.385967091224515
43320933.852,2026-09-28,130.6493063319953,160.4323842946024,92.47642028300187,96.4911485626247,27.823508281394993
43321033.908,2026-09-28,131.15285292828332,159.42649641085032,95.86091794590568,96.34333595205815,26.012943871822966
43321133.963,2026-09-28,128.50246239164545,160.66725878434423,93.82450466094546,96.4396721896361,27.977923541011407
43321234.019,2026-09-28,133.8563083164654,159.7943391649384,92.99302878960553,96.00706574891231,29.323899199940946
43321334.074,2026-09-28,129.5830408565221,162.90954934106463,92.50106968501272,96.73926517721651,28.270906875049207
43321434.130,2026-09-28,128.69032305117958,156.0385821666656,92.79623841770731,95.66814628430119,27.272688866579298
43321534.186,2026-09-28,129.36468402355572,155.73177346882278,95.27338379125653,96.01490605844202,28.222506164899254
43321634.241,2026-09-28,131.4515565837315,157.05489682463707,95.68644390421781,95.3106660372952,27.346298705997995
43321734.297,2026-09-28,130.9820960001124,157.4619146120336,95.20630790028333,95.73018497836881,29.460495505224483
43321834.352,2026-09-28,129.87260459498418,156.05570149023083,95.52098524550222,95.58116372711456,27.61536464889945
43321934.408,2026-09-28,127.34963256473591,164.60258631763517,93.89068799189313,96.22678875535986,27.969807495654262
43322034.464,2026-09-28,129.6918109535212,160.6343182369549,97.95106657773383,96.95224471979236,28.895041645243417
43322134.519,2026-09-28,133.67102472541723,158.74289688382896,94.92134781470521,96.10902873906814,29.346026879415977
43322234.575,2026-09-28,127.91789208340313,154.78875537686037,97.44589065789437,95.50045552379915,27.27644817700679
43322334.630,2026-09-28,129.10431093593445,159.53972107607385,92.71585459035303,96.1388343362225,26.947621010968657
43322434.686,2026-09-28,124.8508006466455,157.5768720973867,92.12075752297969,95.9886264444167,28.45774038002042
43322534.742,2026-09-28,131.48483855609183,163.48018113396233,93.71372522725711,96.23144251859762,27.611189827646793
43322634.797,2026-09-28,129.1656791857619,160.36747099893287,91.87214159814695,96.01902711074526,29.341614207693226
43322734.853,2026-09-28,130.67836141178935,162.82553020773378,94.31751365971813,96.22182075619429,26.67128209226087
43322834.908,2026-09-28,128.97503741218995,162.96955251851193,95.17896939446557,96.37147011467779,29.59649019957449
43322934.964,2026-09-28,131.794596343682,155.9804024067741,91.27429505284957,97.29241233244487,28.01188338372707
43323035.019,2026-09-28,130.80957303747442,162.02082454246295,91.42148189730318,95.87699089496577,26.79220019665921
43323135.075,2026-09-28,130.8927355871329,158.56740382180027,94.2369050274641,95.46418647328977,27.403026180361444
43323235.131,2026-09-28,130.66204773231664,159.5234569493049,93.02858709884093,96.53228163384199,28.548769406203334
43323335.186,2026-09-28,127.82033953906034,161.94060915178136,93.20156453802332,96.62675893009192,27.319110803066604
43323435.242,2026-09-28,130.2452240250311,158.87679467435183,97.21334778665022,96.55329869437101,29.105177592739857
43323535.297,2026-09-28,129.0373871340147,161.13375011864872,95.9818881238283,96.38184200405796,26.42846890672323
43323635.353,2026-09-28,127.92903677047292,161.4290309928752,95.41043505033647,95.92930972466117,27.15987485379299
43323735.409,2026-09-28,126.31189693696017,160.77005373613093,96.21931383679528,95.64609274394047,27.006596590412865
43323835.464,2026-09-28,127.95624721918679,152.80979764347782,94.2678820033672,97.21687257639317,28.42368096496617
43323935.520,2026-09-28,128.7609320064147,156.8219945298373,92.88134898124937,96.93477628140123,26.04014664123494
43324035.575,2026-09-28,126.11589505284526,160.28308335012454,93.65343178965324,96.19321756561258,27.612642953703592
43324135.631,2026-09-28,129.7185164922953,159.89307206581938,94.17420863616601,96.26744627298996,27.437478995868346
43324235.686,2026-09-28,129.71609038312167,156.45593148197207,94.24647703075871,95.66873595025655,27.34965287274497
43324335.742,2026-09-28,130.3117961414636,158.8930521506901,97.06254971125018,96.27976317135743,28.455030346714732
43324435.798,2026-09-28,126.83995965843249,153.6034916244108,93.63393871996259,96.39948429487393,26.01223374139902
43324535.853,2026-09-28,130.6423501256102,166.26827142081655,88.64153427299823,96.580377164865,25.990780772720544
43324635.909,2026-09-28,127.91480128485242,160.6681616449785,92.46345404475954,95.68782773259301,29.347245562198665
43324735.964,2026-09-28,127.16283624572266,161.62154944593073,97.63474809587878,96.4272770425121,27.364393259892797
43324836.020,2026-09-28,128.26509800109483,157.02799954410318,93.42730041752807,95.82661968236098,26.186007139267012
43324936.076,2026-09-28,129.12080147694624,161.6000422315735,92.69115096107808,96.31290307953635,27.998310748338316
43325036.131,2026-09-28,131.23704892537998,153.69223254482458,94.62318344387532,96.77259964509574,26.191761238640897
43325136.187,2026-09-28,129.52697905051178,164.68135944398898,91.30949169624346,96.3038808524577,27.315782781405282
43325236.242,2026-09-28,129.21177040622706,161.54872746658717,90.51459157928134,96.38821472992714,27.263312869904677
43325336.298,2026-09-28,128.84626366080496,157.6171389283344,96.52768999793068,96.71372202899644,25.78460903938015
43325436.354,2026-09-28,127.61329934531922,158.34304243435517,93.14898753591496,95.33288210619381,28.767700006682862
43325536.409,2026-09-28,129.27312094570598,160.04215426879156,93.8435060909602,96.11426550072493,28.64425007594442
43325636.465,2026-09-28,129.86743293576842,153.07859867653332,93.38886913539065,96.12502247311168,26.77021486533718
43325736.520,2026-09-28,129.9924807283731,160.90429722450793,96.47896121188145,96.96648518622447,25.879722558184064
43325836.576,2026-09-28,127.5754609575424,155.52936869284358,95.31133332846333,95.70977623222765,26.307164179784515
43325936.631,2026-09-28,126.8062225675657,156.4254309383982,96.55295703677137,96.04576631100227,27.693576846461674
43326036.687,2026-09-28,128.29224954760795,160.19092366061696,96.6596245766967,97.35953543012715,27.480917399422115
43326136.743,2026-09-28,126.05075843925097,161.41738281166758,92.10214479066725,96.39291821445694,27.938672101172216
43326236.798,2026-09-28,132.2994915535831,162.93163574453246,93.21848637539033,95.71350373039317,26.803981861998178
43326336.854,2026-09-28,128.8513423714366,156.7139894961005,91.38580317456311,95.8120128765239,27.767980634519365
43326436.909,2026-09-28,125.63989817940104,156.21230178922104,95.24012045398693,96.15085956165356,26.74719238264736
43326536.965,2026-09-28,129.30313146920219,159.72511138428274,93.58760747842685,96.2715322794515,28.807419186820418
43326637.021,2026-09-28,127.6796078463012,159.84156286607524,94.96057894535987,96.00988968322807,25.93954817973266
43326737.076,2026-09-28,126.65919306671557,154.67839535580364,94.76155719802496,95.9511397828051,27.14372550868779
43326837.132,2026-09-28,126.89451129844844,159.98908746352092,95.7593716405494,96.94676092924523,26.611181290240395
43326937.187,2026-09-28,127.10948173150766,156.1102530769534,94.64243389070451,96.43401397216883,26.484827223172317
43327037.243,2026-09-28,127.86950664259734,156.28652229836075,94.64639307624027,96.25826658313481,27.51524227892971
43327137.298,2026-09-28,128.74746745604367,160.40626773187077,94.44966720290755,95.30035060530032,26.56806803874133
43327237.354,2026-09-28,124.18710644416693,157.11914443399058,94.02737414282689,96.36551559174215,27.69438566876879
43327337.410,2026-09-28,126.9111689389024,155.645426349993,95.66404564650972,96.2637263442731,27.637646721419202
43327437.465,2026-09-28,128.02059798490802,157.58185694514134,92.56914040302718,96.54711557468886,28.435201349479044
43327537.521,2026-09-28,126.71956218414407,156.1266156614144,93.59314046240395,96.22440392613359,27.597716689419972
43327637.576,2026-09-28,127.02054936584545,157.77912079851004,94.93037120134528,96.66204133829001,27.731295954356646
43327737.632,2026-09-28,127.23764117353026,155.73495122808572,92.88283711132708,96.02163071188484,27.948431412195696
43327837.688,2026-09-28,126.96654934982479,159.03927508502935,93.28109648987844,97.01630639568795,28.087327579459984
43327937.743,2026-09-28,122.53518368194185,158.696601343039,91.02472558404587,96.17853598667784,27.28107786737695
43328037.799,2026-09-28,129.53477827463203,155.89690086361887,92.84392897690134,95.86197376045295,27.74879468087119
43328137.854,2026-09-28,130.30034726535237,153.43423146051848,93.46854618225774,96.62543890592438,28.10371014116867
43328237.910,2026-09-28,126.49475218652273,152.0890014437642,92.46966735312986,96.26437084403396,27.459618654716287
43328337.966,2026-09-28,126.63131344635113,157.8295969489011,93.48632929707682,96.81959856917288,27.458275201608224
43328438.021,2026-09-28,130.26845854614504,155.65323477491137,96.87393082299444,95.38192169993052,27.848996507985195
43328538.077,2026-09-28,130.26110785982615,158.80163866492447,91.82764354549442,95.5204883105337,29.048389652065836
43328638.132,2026-09-28,123.10466797515787,157.2182299942446,93.57967542652564,96.98006926267401,27.68920500165862
43328738.188,2026-09-28,125.15086880367959,159.6279607430498,91.79508587828897,95.93630945059572,25.463990870653376
43328838.243,2026-09-28,130.70976129637373,155.4560503431282,94.46935886584775,95.81226664932747,29.25142324537859
43328938.299,2026-09-28,129.74096013597105,155.37800575385992,92.02292480003865,96.15009126965883,25.69335472413903
43329038.355,2026-09-28,127.24004389175572,155.54298305762956,90.88269150637154,96.02810644922077,26.8414648026969
43329138.410,2026-09-28,127.09792378022979,161.14281643803616,94.09092896797316,97.11229132860161,25.559641015517883
43329238.466,2026-09-28,129.88109160223152,156.49830076456138,93.79971256725675,96.10117666032329,26.635180666994245
43329338.521,2026-09-28,126.84876544975964,155.47136701252052,92.6793723187932,95.93035537500343,26.858299427963775
43329438.577,2026-09-28,129.27369162227004,154.56629229607353,94.79899758202424,96.24041881088995,27.763108395704307
43329538.633,2026-09-28,128.18565410351675,159.1160393862808,92.69027315644286,96.0772799251628,26.822453708606425
43329638.688,2026-09-28,131.422226474486,160.60569878480263,92.9011440170053,96.36589571321932,27.103579373645736
43329738.744,2026-09-28,124.57522775988808,158.77968575045637,92.93928670186042,96.02143524256998,25.125398501505707
43329838.799,2026-09-28,125.1272575744732,154.5956561809793,94.85847020740499,95.66825547555567,28.21161699435862
43329938.855,2026-09-28,122.04878675405992,154.73267786212696,93.55656776602973,96.99562894044382,27.06216260570392
43330038.911,2026-09-28,126.5650958027909,151.71180448710092,94.51355001537964,96.33018169031139,27.06031551847685
43330138.966,2026-09-28,126.02523963219515,158.60677058269616,97.26632717265788,95.6031063824788,26.999551286430442
43330239.022,2026-09-28,127.17144726628587,151.20647920850314,94.56310012055633,97.02045812970483,26.512259414035473
43330339.077,2026-09-28,128.0427864924836,155.46347014983905,91.87530874866096,96.55567865304285,26.460716555724552
43330439.133,2026-09-28,127.66388293898574,152.0216329164641,95.49628496815528,95.7363471888771,25.913570235932912
43330539.188,2026-09-28,126.68759225742551,158.82712392288124,91.42115019486309,96.8027382066111,25.290963833628176
43330639.244,2026-09-28,127.53673608986624,161.64984142861005,93.73560097527452,97.07411029646438,25.89460866207947
43330739.300,2026-09-28,127.37177061774864,155.93511476029835,91.62177398031683,96.30142814120123,25.118268945689646
43330839.355,2026-09-28,130.2108789453412,153.32977474281455,91.4086709226849,96.49067910975943,27.863275164648577
43330939.411,2026-09-28,123.230465263598,155.43739246753213,95.06915580163076,96.15335609437476,25.80726604124014
43331039.466,2026-09-28,124.23248924087956,161.88979403456185,93.37181767080678,96.65889262709543,25.822095353275298
43331139.522,2026-09-28,126.91386627899577,160.24024500048466,95.53017928065638,96.25537776779592,27.44111631769284
43331239.578,2026-09-28,127.81370233102268,160.65483665021702,95.43080783276993,96.45470334889494,27.07781134065459
43331339.633,2026-09-28,123.93311148279473,156.52065398826923,95.13889171316036,97.46480958826203,27.00879292429526
43331439.689,2026-09-28,125.48272565984183,154.12528147667535,92.59752085866121,96.35903080001619,27.319229932278652
43331539.744,2026-09-28,128.38301915400456,149.13817929480356,90.96137240256981,97.18696648059834,26.998005187706678
43331639.800,2026-09-28,127.25435424732837,158.18061336405702,93.1099752888662,95.91169666422614,25.364259984887596
43331739.855,2026-09-28,125.74953929439171,155.9458925131428,96.90731971048629,96.94806164658529,25.624630650167287
43331839.911,2026-09-28,124.94324600860834,155.88347090483805,92.88665338250976,96.19744221484896,25.83197964571671
43331939.967,2026-09-28,125.07635326123243,158.87442414257987,92.44126754379336,95.80515251350026,25.363596594584063
43332040.022,2026-09-28,125.00815637327734,156.50770439173024,91.92849275441743,95.99792895744318,27.239846516386987
43332140.078,2026-09-28,124.62113321610093,149.93823808755778,92.12962962166125,96.4509230669063,26.456640768718838
43332240.133,2026-09-28,122.94932851445807,158.66403140852157,91.32445261867792,96.9899898497771,25.96238029866742
43332340.189,2026-09-28,127.51797506878593,158.83468428802632,94.17236637207911,96.7570026606937,27.4528060410291
43332440.245,2026-09-28,124.05698418296039,156.87463486294197,88.38740372225833,96.24911719066708,26.954855056582876
43332540.300,2026-09-28,126.22784605173288,157.03607722004807,92.53955948126432,95.6200530936612,25.467892234629527
43332640.356,2026-09-28,124.0117985259446,154.5508294062657,92.08205199538104,95.88626420078512,27.69210075777327
43332740.411,2026-09-28,123.91786002088273,155.81877279432084,95.58688942803313,95.86182170786236,25.98705810256355
43332840.467,2026-09-28,126.51675326876595,156.5023985321004,91.87907989429802,95.79918011627834,26.184973100293615
43332940.523,2026-09-28,127.4882192779352,157.14532453456366,91.3126107268349,96.77722020906961,24.537439135648484
43333040.578,2026-09-28,127.58810298220719,150.45355039413994,93.90814032526391,96.34999237985122,26.63213343372334
43333140.634,2026-09-28,126.44199738939187,154.13009881938567,92.26908716207504,96.35477262862786,27.10361957523198
43333240.689,2026-09-28,121.82228414735513,155.11082258942014,95.52221009913548,96.3686201031389,25.461479528854984
43333340.745,2026-09-28,127.94248922866042,158.93153857474553,94.43180013817097,96.12454079305716,25.886846549654674
43333440.800,2026-09-28,124.55250089459908,154.09082073407598,92.30460464864622,97.46015633950377,24.965070633591573
43333540.856,2026-09-28,128.177857423349,157.7585533960962,93.4908470733211,95.7322198408366,26.7035492752099
43333640.912,2026-09-28,125.3957430841945,152.79922761094844,92.57917319728644,96.14405680584554,26.23890957412832
43333740.967,2026-09-28,127.18337530730255,154.26180678194626,89.87509761422615,96.18740208345052,25.419260358605985
43333841.023,2026-09-28,125.90469457220232,156.2820610400372,93.7839759418743,96.16190127109414,25.524025504794327
43333941.078,2026-09-28,126.02256694242821,152.8249221217963,91.0235207894567,96.10258150373151,26.366282682780042
43334041.134,2026-09-28,126.84278755425373,161.4118653910494,93.62260455185893,95.62266441760956,25.527600918594416
43334141.190,2026-09-28,126.57519579245626,153.4229826815542,92.72011462686699,96.47537473752632,26.624424222728592
43334241.245,2026-09-28,126.53181698948237,156.7431526048622,92.26027680119115,96.04163595913649,25.663201684556793
43334341.301,2026-09-28,124.3972697867197,153.96765823441967,92.44028596645471,95.89926339710766,24.945805082299486
43334441.356,2026-09-28,126.74981080463377,151.8138537082311,91.11676851247204,96.11230153370009,27.992592143345387
43334541.412,2026-09-28,125.91324938167142,157.3065990717345,95.21132248328966,95.86212566167528,26.08903556894622
43334641.467,2026-09-28,122.7685384784711,147.61113966930145,93.0372735091003,96.79716878638426,25.13961430233265
43334741.523,2026-09-28,127.88496700872568,153.1366854678723,95.32234547560634,96.45984982995645,27.01498267655117
43334841.579,2026-09-28,127.08131596769574,157.8188185872042,90.79341803726007,96.45405012631225,26.432242414966137
43334941.634,2026-09-28,125.2060469823094,160.005591979721,90.72777703753793,95.64994936565924,25.914940840539664
43335041.690,2026-09-28,121.8265143437796,155.4889300476649,92.80609945106352,96.57603898410049,26.75746098880114
43335141.745,2026-09-28,127.28286860432901,157.6249434981224,91.28922743329781,96.65594817604837,26.773636949056677
43335241.801,2026-09-28,123.2997259542252,152.34520831551708,89.6746375104127,97.12772799956761,26.987083463046893
43335341.857,2026-09-28,127.52554393662069,156.17851795058257,89.72902418866762,96.665843542818,27.43400528756817
43335441.912,2026-09-28,120.07876366530647,154.53327191544355,93.14326101070705,96.21467429123705,25.027464743855166
43335541.968,2026-09-28,123.09377337572865,156.55640590714887,91.12198812596984,96.37954629940909,25.584775304604033
43335642.023,2026-09-28,130.1175690558797,153.46610446419302,91.79903799366016,96.18711698321691,26.223406794507415
43335742.079,2026-09-28,120.20264859069103,157.46158613944868,89.65881756225502,97.24095815644903,25.485266567448214
43335842.135,2026-09-28,123.18327628499489,151.9425874273452,95.20810485297599,96.94539464292284,25.16644259885626
43335942.190,2026-09-28,123.53958171947967,155.43726822951308,93.51549862383196,95.90289817158113,25.095312205937226
43336042.246,2026-09-28,122.42921643523952,158.958048205972,90.60403066732106,97.55163063396178,27.17108577163507
43336142.301,2026-09-28,124.70330499822893,157.58488257868137,94.50630959821095,96.94637172381789,27.699425035046552
43336242.357,2026-09-28,124.48552112489912,152.29695955289262,93.4980201071885,95.62034143255516,26.62689653255727
43336342.412,2026-09-28,124.43220116886658,151.3859095954963,96.05351222067301,95.76255772428743,25.431307322453282
43336442.468,2026-09-28,123.73592306891683,155.3800920890977,92.57669026571902,96.61385695258762,25.762559054878906
43336542.524,2026-09-28,123.18403302203258,157.58418262349636,97.20775517983485,96.42537714761333,27.446423107570414
43336642.579,2026-09-28,125.92240947257493,157.2457865554875,94.52015525968027,96.51123619673542,25.80075742212403
43336742.635,2026-09-28,126.59856448540418,154.49358874072118,94.00222921876387,95.80600937884381,26.661529440846454
43336842.690,2026-09-28,122.95618983284145,151.83793415352477,95.50454239089682,96.81255571300312,26.002058308981866
43336942.746,2026-09-28,127.49346142402668,153.12125227545755,91.99475712780759,96.48741072352473,24.208234842888558
43337042.802,2026-09-28,125.72624840792294,149.7123032615149,92.54565937050978,96.43379002878815,24.750923737347325
43337142.857,2026-09-28,125.50149694711926,163.2928857412813,91.7705673196957,95.69330672045906,24.938855244744843
43337242.913,2026-09-28,124.5474819463212,151.70921837954845,90.69245987805905,96.7010978634447,26.407294022098935
43337342.968,2026-09-28,126.54021068692639,150.62579724916552,93.28189044077861,96.25717888917328,24.730547810437308
43337443.024,2026-09-28,124.81308830799942,160.37086067881023,92.80663484571899,96.5570027923858,24.727207629712787
43337543.079,2026-09-28,121.16958600405988,154.20557571670062,92.2280185135249,96.89403638744483,25.66375524308524
43337643.135,2026-09-28,121.75514681104822,154.08983303937327,92.20251673380687,96.94565434581826,25.689693941708473
43337743.191,2026-09-28,125.06263341290487,150.08633188825993,93.56529879632784,96.15192042323983,24.69525099654015
43337843.246,2026-09-28,122.27720619143368,152.7671362701126,92.71318250123376,97.32353597931693,25.809174274121272
43337943.302,2026-09-28,123.45053929865254,156.86275934258796,94.31280819287282,96.88578862974892,24.97801304833577
43338043.357,2026-09-28,123.63168340850686,153.77856351446056,90.03712449438756,96.68270900469042,26.99531312442243
43338143.413,2026-09-28,125.80534703811153,155.1731612201733,90.88599676690208,96.23462546176565,24.632732655922737
43338243.469,2026-09-28,122.7483875957138,152.0811829326672,90.448590218489,97.69551065566567,25.401805638837992
43338343.524,2026-09-28,127.42630991996278,157.1575672062655,91.78079088583269,96.3631379303429,24.099732479057742
43338443.580,2026-09-28,126.3197907175117,148.6760461161837,91.41304324199939,96.85303997348556,25.094155093210464
43338543.635,2026-09-28,119.67875770134428,161.3977107240707,91.60224914297302,97.10339848166848,28.09520936020069
43338643.691,2026-09-28,125.2165935474396,153.72202262670675,92.12171112580562,97.20293577008083,24.004295987823212
43338743.747,2026-09-28,122.60212469748069,156.00972211253844,94.08245162683654,97.04583808322128,26.612568482381327
43338843.802,2026-09-28,122.13345005420521,154.15505868361822,90.94313591732845,96.64170058449902,26.79554143053961
43338943.858,2026-09-28,121.59421214298544,155.8037833488878,86.34023258884443,97.63639098039963,28.027072311802105
43339043.913,2026-09-28,121.50626996616073,159.3906266003705,90.03920208587479,96.86933449235559,24.08521827834031
43339143.969,2026-09-28,120.85747831790738,149.8418974298294,91.68239272606498,96.24737745904451,26.54964800006601
43339244.024,2026-09-28,120.65162384087891,152.6420858062662,92.36436753361583,96.38566722728083,24.857035191936035
43339344.080,2026-09-28,122.43885048012572,155.97422978828047,91.39667144086371,97.46027560589732,23.067857632131165
43339444.136,2026-09-28,122.77347789861106,151.655963203046,89.82965555167418,96.81571148604223,25.448631613747928
43339544.191,2026-09-28,121.72955189952283,149.7896317852196,93.50985614001823,96.45810017205373,24.719584472193304
43339644.247,2026-09-28,121.82787518878631,156.71068348233112,95.325866261209,95.91635740482327,25.457446817868277
43339744.302,2026-09-28,120.42587932848828,154.89953308204528,94.2993595062389,97.14008541352453,26.699547064536016
43339844.358,2026-09-28,124.90902112010426,151.78009542241298,91.34915943019467,97.95906359929654,25.328886875029756
43339944.414,2026-09-28,126.19761142091443,156.2731983020801,91.43835528038137,96.55623302889462,26.635764471375335
43340044.469,2026-09-28,126.792004049496,149.83010260871012,90.23429246300654,96.60972590341578,25.004100445729115
43340144.525,2026-09-28,122.74923077375763,148.55682847803408,91.18953390134762,96.56756053310505,25.274729161725553
43340244.580,2026-09-28,126.41303987086935,151.21513365469426,90.45673965411962,96.21937133599953,24.427714941502323
43340344.636,2026-09-28,122.39992254036477,152.35771002121814,93.65586972130775,97.2389666554493,25.005802716216124
43340444.691,2026-09-28,121.7586383295902,154.71206730898686,91.35708316851756,97.67878478744034,24.86522946603688
43340544.747,2026-09-28,127.01321736108125,153.46131060851377,86.1664911709678,96.74329852336622,23.66455694950862
43340644.803,2026-09-28,124.97210192768091,151.84782086629866,89.56398375010686,96.9540093255659,25.53154098794702
43340744.858,2026-09-28,122.07461223048558,154.2552089748577,88.29929915700589,96.74767039850273,25.13326846311787
43340844.914,2026-09-28,122.70775252539931,150.03795202127267,88.94159713607274,97.08862002291303,25.131328862682395
43340944.969,2026-09-28,121.18025677161205,153.6087404453164,89.50852179751334,97.15341016421151,25.37328049656928
43341045.025,2026-09-28,124.9452230316489,150.4896484259354,89.77197829291492,96.01023491210633,25.081154746906368
43341145.081,2026-09-28,123.75784000447224,151.95742251227284,88.59752759915173,97.34075762465245,26.6836983702395
43341245.136,2026-09-28,123.49468022804875,149.93660904533627,92.30171587909787,96.11888314512744,27.171163765117043
43341345.192,2026-09-28,122.82919720412809,150.66968549700965,90.14822424297097,96.10253713272854,23.95250924056356
43341445.247,2026-09-28,120.80808926554823,155.5034403445079,91.51419163106289,96.85359266368609,26.29806066712534
43341545.303,2026-09-28,120.79752030386729,154.34596461400682,95.11747575590253,96.95996827236796,23.766852181786497
43341645.359,2026-09-28,122.32816673577067,150.89966161223447,94.32540808465276,95.97394143914171,25.113232218983605
43341745.414,2026-09-28,123.90070337076133,157.00278148676637,91.97448403914832,96.68078459782262,24.742959620004843
43341845.470,2026-09-28,121.96598011269785,157.3966555165278,89.0595538679069,96.22777137389706,23.998102327217737
43341945.525,2026-09-28,125.61092564810781,153.39935427276913,90.07707830865263,97.53717070179644,25.905626577140566
43342045.581,2026-09-28,118.09667961965059,150.0031030873287,94.81481886415285,95.96255397074516,25.16464968344261
43342145.636,2026-09-28,122.304158073865,152.20782828915688,92.40789178511052,95.98728465840229,25.70973239371321
43342245.692,2026-09-28,119.92834606066876,151.84052475497552,91.77734675452432,96.80219877639948,24.129739995302234
43342345.748,2026-09-28,124.31424988907408,152.65184269451876,93.34648156509633,96.70654306047848,24.103630512495545
43342445.803,2026-09-28,123.04355224188181,154.38358475233653,91.66753631104257,96.01411891179004,24.923670705098445
43342545.859,2026-09-28,124.51495096471146,153.03860289982185,95.14362822235361,96.55782321508855,26.45491725093959
43342645.914,2026-09-28,122.51998637784175,150.28211510455117,92.69639049839338,97.25225373262202,26.244952424343285
43342745.970,2026-09-28,121.6346422361962,153.264362401275,92.42287409105333,96.53474401088118,24.424456227334705
43342846.026,2026-09-28,124.8731215422599,150.18937485967123,93.7966546767134,97.74250420625525,23.64591902600862
43342946.081,2026-09-28,123.23220822955017,150.8886145448296,90.1843648376721,96.45973443325386,24.981872263693727
43343046.137,2026-09-28,123.69008246422517,151.49437861391368,90.4593256931089,96.54847732219262,25.005474986585956
43343146.192,2026-09-28,123.6956124308407,151.61585550266463,90.79926549555866,96.67927648298843,26.583267804499386
43343246.248,2026-09-28,126.09154876278404,153.0979009390006,93.81957684535843,96.38044667879657,24.37022733224155
43343346.304,2026-09-28,121.23839758078843,154.34240233712978,84.74382451809424,95.76692052068712,26.25127735401937
43343446.359,2026-09-28,119.91764902073693,155.9934013427204,92.79818789128107,97.31381857367552,24.601582768408182
43343546.415,2026-09-28,122.22619965114812,153.41635472819272,95.77375571423491,97.1449286694305,24.611080571691694
43343646.470,2026-09-28,118.79325179306888,152.5120708148444,91.70587779605759,96.53444917392245,27.040004625644723
43343746.526,2026-09-28,119.77423277736804,150.25786708407023,91.65275931356922,96.3452701495928,26.916998579821446
43343846.581,2026-09-28,121.15512154996125,152.24487440216882,93.55391031443048,96.80236308187047,23.249822663380858
43343946.637,2026-09-28,126.2340517986763,154.3735824832196,89.6946360848536,96.51930386082155,22.958999615690605
43344046.693,2026-09-28,124.64707125125179,152.40647221338406,92.38231123262285,97.0621195275491,23.850430137414545
43344146.748,2026-09-28,118.74709453028308,153.27947769562942,87.93472038676049,97.20863528935747,24.721508225739694
43344246.804,2026-09-28,119.48702662593837,153.67586517607575,92.79195685643754,96.94747264281338,25.295759373926185
43344346.859,2026-09-28,118.74366959724343,156.8379107619125,92.13519906060183,96.85825802640699,25.172959878697654
43344446.915,2026-09-28,118.59817004355908,146.42583028926637,90.21322808620839,96.92459432803857,24.811297341811898
43344546.971,2026-09-28,120.83540991062158,152.31114254521393,92.2191093159259,97.07613680166118,24.147812704840426
43344647.026,2026-09-28,122.07506845880752,147.91518926769413,93.1289255277043,97.13697255740131,25.392328876340162
43344747.082,2026-09-28,121.55114845153322,159.79615432042408,92.19014826714701,96.06581798932719,25.33790307195682
43344847.137,2026-09-28,123.59673093006003,151.18974111360725,92.69119294577152,96.85511360378221,23.76106617856037
43344947.193,2026-09-28,117.67755412103409,150.62074941278746,88.01594969306993,97.18025480609866,26.79260307971007
43345047.248,2026-09-28,119.79073346829578,151.56654456286122,90.71187932166728,96.39898507394966,26.399121506963162
43345147.304,2026-09-28,121.54735372831483,148.9636717410073,92.71254410647936,96.66030126005425,23.71038239019896
43345247.360,2026-09-28,122.92188929349521,148.62008387312483,86.15110944029615,96.65732213346267,25.266482424674244
43345347.415,2026-09-28,121.37085980795105,149.6630816960687,90.71966865887026,96.36316482941463,22.205198638232563
43345447.471,2026-09-28,120.40783996637407,155.2162306862014,90.04852334923336,96.8164661635904,25.877954045232308
43345547.526,2026-09-28,118.26491033813141,147.53095630931165,89.45825929030916,96.5960573366547,25.057359760401802
43345647.582,2026-09-28,118.0468765762601,149.73281298731723,90.68135915468207,97.63914244053483,23.782850153039966
43345747.638,2026-09-28,119.76652423647062,151.50603340253414,88.21942152351228,96.9266203652574,25.773464536288877
43345847.693,2026-09-28,122.26729702260577,151.694158833769,91.78753523927372,97.10995226066039,24.227275523577294
43345947.749,2026-09-28,123.41318801451092,151.54569097598988,91.80935512541681,96.63477756949996,23.040994601654074
43346047.804,2026-09-28,122.01848457859201,151.76470832261907,94.97368711871579,96.90203668269784,24.306531453279618
43346147.860,2026-09-28,120.03926413163153,148.48685678837182,89.79320115186326,96.79835026853927,24.72339496585334
43346247.916,2026-09-28,121.05445277786627,153.6042571339229,93.55019568898975,96.70170546972405,25.51057952449881
43346347.971,2026-09-28,119.52824161664425,150.07641545184583,88.08467430797756,97.10685998789616,23.814847874705464
43346448.027,2026-09-28,121.91139906299111,151.69572830555285,91.6112887886446,96.65526991184646,23.750420921854353
43346548.082,2026-09-28,120.41942284554383,149.5303997439565,90.9488499859423,96.00817713944974,24.458750937407906
43346648.138,2026-09-28,121.05864613656408,149.73348939579412,88.97622569320934,97.30714809779306,24.681571950655268
43346748.193,2026-09-28,120.20556262859323,148.02752344024572,90.64652950799692,97.58725773785626,22.373115066967898
43346848.249,2026-09-28,120.15702261218266,147.89418355303494,89.56465389196167,96.80467771018397,23.578470063484602
43346948.305,2026-09-28,119.7950572753607,147.57275371239785,91.94028160524002,98.02673082398583,24.77732808521937
43347048.360,2026-09-28,119.17804032048207,153.5514602476896,90.60855035225215,96.25522677755701,22.809514017796992
43347148.416,2026-09-28,120.40506606676462,155.05168738088392,86.96406033506616,97.06000820170058,23.90213843737094
43347248.471,2026-09-28,116.37355903925334,147.31228965146397,94.02131989840778,96.51630099460714,24.206358900779637
43347348.527,2026-09-28,121.34516389169919,147.77503924254788,92.7029940076367,97.1858038476784,25.839760608422946
43347448.583,2026-09-28,118.98706440279231,151.40821600403675,92.18277423827865,97.66312343009216,23.812667285606125
43347548.638,2026-09-28,122.13691468708404,152.13456577581726,87.41253200504673,96.31533951889914,26.760735089328712
43347648.694,2026-09-28,121.07272476223079,153.24039347285924,88.87909828005914,96.83815421401344,23.995610547293165
43347748.749,2026-09-28,123.16687824812809,147.27369067199254,87.41670344476583,96.16942518708329,23.91599824865211
43347848.805,2026-09-28,118.49123939540938,152.82168248234515,91.5008472234651,96.82200355926274,23.17996156312531
43347948.860,2026-09-28,118.73851009174726,148.97271020689038,87.63240884585065,97.86824074433818,24.75432097609472
43348048.916,2026-09-28,120.96855320483373,147.45502669826578,87.66224440030167,97.61789905662967,23.813533081715885
43348148.972,2026-09-28,118.30873254648763,145.28495777121537,88.79508056377821,96.45239675874528,22.89155663997495
43348249.027,2026-09-28,120.63970065936763,152.18849708938717,89.40430340860127,96.84443530927075,23.779468832907543
43348349.083,2026-09-28,121.10516876069816,148.99034889600276,90.40021101323497,97.09887619313979,23.784927726727673
43348449.138,2026-09-28,119.77466690958386,155.23324160008275,89.80561326628586,96.48929386455538,25.42515925171817
43348549.194,2026-09-28,120.97594413658629,151.79787432194118,88.37581384508866,96.9531179557693,22.88619976867048
43348649.250,2026-09-28,118.32851292669572,150.71824438466558,88.45223476479994,96.1529956970469,25.019166249362893
43348749.305,2026-09-28,119.24160452447255,150.20625845847357,90.36072721965677,97.44687981329955,22.822684773103944
43348849.361,2026-09-28,118.89211926870055,146.54965971768684,88.33759123570505,97.6564365405332,23.9124422479589
43348949.416,2026-09-28,120.68789759016728,151.1093278602492,91.08482989325667,97.19270277613889,23.02184182781333
43349049.472,2026-09-28,119.47255844412615,148.51460556777326,91.2341365112863,97.37499558741655,24.89507957894349
43349149.528,2026-09-28,122.25922784259626,149.6399767832706,90.70581413744638,96.3165394317102,24.12833456551946
43349249.583,2026-09-28,119.97157536937817,151.80247624601594,88.3962335038116,97.9810177879338,24.23933527151341
43349349.639,2026-09-28,117.91804133173349,152.90143826042976,91.65838975770461,97.32458371719925,23.67650501768763
43349449.694,2026-09-28,122.11071210661346,142.52412677595493,89.96317904657265,97.6013070472681,23.183482705626542
43349549.750,2026-09-28,120.87638678285654,152.6746237692818,92.79291279472719,97.38536782106999,23.487545929664854
43349649.805,2026-09-28,119.5802233359268,149.52485835175858,91.67953914204989,96.66411190381311,23.19467906211243
43349749.861,2026-09-28,118.18478848432406,153.38052035547778,88.69618617171844,97.6706217469354,22.71045641818975
43349849.917,2026-09-28,119.32389049906938,150.3049774635677,91.52020559019614,96.21464090989348,24.617836916029805
43349949.972,2026-09-28,119.15882771704612,150.03815929067346,89.76335811415133,96.59908589076217,24.20368951461489
43350050.028,2026-09-28,118.12884890606134,174.56523207193362,99.94800776405039,94.01365112556128,21.735762632071708
43350150.083,2026-09-28,120.99730358683391,174.79092022950195,99.77323044658309,94.0401402815666,22.371194250305873
43350250.139,2026-09-28,121.84591412032957,170.60791779732241,105.38711147619348,95.08000258824926,21.461254660543045
43350350.195,2026-09-28,121.75710982575158,168.3093726428418,101.98214995110915,94.1507386458544,20.687366817146604
43350450.250,2026-09-28,120.3937269677509,172.76502461583274,98.9720550885834,93.70912869373932,21.238992513234695
43350550.306,2026-09-28,124.41935471440769,168.88049927830636,102.19559119222484,94.83235762259346,22.184461367647863
43350650.361,2026-09-28,122.04509559793946,169.360799385401,100.89451509863217,94.58415275909796,22.16981409018565
43350750.417,2026-09-28,119.72458986795283,168.3923841023173,100.37227684875596,93.73317317126205,20.591756663861002
43350850.472,2026-09-28,124.34027481599861,166.9132104635871,99.50978015159534,93.75521437271956,21.53168682660923
43350950.528,2026-09-28,127.17073069872846,172.49000623170159,98.20363995816632,94.32348620365697,22.47859135715112
43351050.584,2026-09-28,123.16538093191528,164.24254848699778,99.36887175983799,94.3291919890349,21.67759168332772
43351150.639,2026-09-28,126.81709807857867,168.50756261722128,99.33193020558551,94.50255984806219,21.461076437547874
43351250.695,2026-09-28,125.87746797893418,171.61690734980428,100.54215266458615,93.61530660094277,21.482706769903874
43351350.750,2026-09-28,128.48290080034045,167.47535795840778,106.8997568586424,93.167602835528,21.555547833424967
43351450.806,2026-09-28,124.7973481303356,173.03454058279812,101.2792724253482,94.09959969611765,21.976694303471028
43351550.862,2026-09-28,130.22121392191713,170.82034001531989,100.09432482598103,94.81240085272064,24.004356988531185
43351650.917,2026-09-28,126.42913778794195,174.31893923501872,99.94798708940986,93.44742179223655,21.947779712628854
43351750.973,2026-09-28,124.60422369341529,168.58369662336727,103.09424107125997,94.01593003937728,22.035921495632348
43351851.028,2026-09-28,128.60133039909292,174.51488821576075,100.20086514767252,94.44857430006489,21.365749944038374
43351951.084,2026-09-28,126.57383100282901,169.34942903380735,101.0487949694001,94.06427458052663,22.227154524001953
43352051.140,2026-09-28,130.84202117935453,169.13919735864374,102.51439168671578,92.70205129445006,21.747082833992028
43352151.195,2026-09-28,131.04390818408203,169.7336857342575,99.82642315936275,94.03583726837789,22.953276460055736
43352251.251,2026-09-28,124.57668488291239,165.14708141052316,97.68505010112914,93.76089978964742,22.283412270885737
43352351.306,2026-09-28,128.8685594117033,169.6510219809737,99.47379270832401,95.0298833903973,20.606716858725793
43352451.362,2026-09-28,129.63879282391156,172.74972693454404,101.05480139028833,94.14450168357072,22.752400891940063
43352551.417,2026-09-28,130.02044843344515,170.4415406580269,97.92834052719768,94.20605944435061,20.359835606025804
43352651.473,2026-09-28,131.63553137877375,171.47757033175995,98.08618005455361,93.34938575518179,21.95331862131415
43352751.529,2026-09-28,130.85705977914864,166.12266974805115,98.98159293565995,94.11065253166505,20.28640477795757
43352851.584,2026-09-28,133.46234684439045,172.90801592768838,103.34546928270771,93.89061917988958,21.835129274639318
43352951.640,2026-09-28,129.51670994773983,171.3181435355604,104.7937726760608,92.86767292609242,24.21800213773638
43353051.695,2026-09-28,129.01680066610987,168.7397574783973,101.29807511316642,93.68035528814472,21.566581685222854
43353151.751,2026-09-28,133.4614969035861,173.4538102358322,97.44080271335241,94.14170786824354,19.90550728454814
43353251.807,2026-09-28,132.30536872030072,170.21814879009233,101.43780178265246,94.01743267815287,23.57278854344368
43353351.862,2026-09-28,134.18830688384517,172.8301414749115,101.25905710589579,94.03083376013788,23.64148003876695
43353451.918,2026-09-28,134.1249638055384,169.83627996710658,99.46295986582716,94.09120852730987,20.54975472546389
43353551.973,2026-09-28,131.82748181889036,165.57655490545932,99.7954607446732,94.36347559574013,21.47651298704972
43353652.029,2026-09-28,135.2035776831647,171.156870480792,95.94313625715861,93.61969038121627,22.137524774639655
43353752.084,2026-09-28,136.2042658693152,158.48702278853915,99.71371238415168,93.27114703184205,22.392810306585197
43353852.140,2026-09-28,134.22104455209455,170.93551275758406,95.63758858587197,94.544961416858,22.942843240819453
43353952.196,2026-09-28,131.86597894047927,169.59088939476345,96.6655810267011,94.45913967492709,21.713865389735624
43354052.251,2026-09-28,131.97951984872222,166.03254108147854,99.72099631295508,94.16787458958956,24.057404008640965
43354152.307,2026-09-28,138.0030482184014,168.77297919537133,99.50089749088961,93.72467413605966,20.880981813570237
43354252.362,2026-09-28,136.1551992722633,166.04248200879357,99.55047473946397,94.0045845370951,20.053492607550343
43354352.418,2026-09-28,140.09836336714062,169.4293361663997,102.59345281003267,94.28141897924799,22.43097654726294
43354452.474,2026-09-28,140.1577275609204,163.09754241002807,97.43551779249223,94.22762779539589,22.56767835156336
43354552.529,2026-09-28,140.0837535238305,174.20281455385773,99.32570050705134,93.73233024645063,21.225728868521433
43354652.585,2026-09-28,142.0241879705158,171.05125476594185,102.5370055494331,93.988095149477,21.615175042746756
43354752.640,2026-09-28,137.4219113195678,166.75643477846327,105.53944103575938,93.98939553125649,19.734557172428392
43354852.696,2026-09-28,136.0972821416685,165.8834089875963,101.10318429973904,94.04465723281491,22.666652455201092
43354952.752,2026-09-28,141.90296829547603,170.68539502571898,101.14925404390624,93.6172623275951,22.531988423463563
43355052.807,2026-09-28,137.36994621220444,168.96984920341131,95.18232765755425,93.69430157641331,24.104674597560663
43355152.863,2026-09-28,139.15814985622262,167.66637320817858,102.90889430625376,93.59515825438292,22.30281555208933
43355252.918,2026-09-28,139.19562041452943,169.3725446661803,99.12673135672415,95.12638558384427,21.655138098575996
43355352.974,2026-09-28,141.18493070487668,168.02439385061317,99.69778081222753,94.01043405021225,22.52354650615906
43355453.029,2026-09-28,141.31348152696762,164.00008199183873,97.42719519812165,93.4088789553437,20.91446341060407
43355553.085,2026-09-28,144.0441372822603,167.8855023067671,99.79515845220725,94.14329440363238,23.24567782285261
43355653.141,2026-09-28,139.38575299097084,173.27435945386395,103.20676556890125,94.02171417553933,23.337172999046484
43355753.196,2026-09-28,137.19542379730322,164.4598702737258,98.74393015142635,94.1460426141579,22.87365891869268
43355853.252,2026-09-28,143.7748055731063,164.94944137612453,99.42957245449627,93.86184868517874,20.84995685748748
43355953.307,2026-09-28,141.09476418925246,165.94580371602905,101.08880718699018,94.10945876571556,22.175086316605988
43356053.363,2026-09-28,137.236095162136,170.63538834344533,96.88303584495182,94.23416622734928,21.142447324920813
43356153.419,2026-09-28,136.68456957262475,168.65701263538665,95.13258185449384,93.84688408945743,22.307850959915257
43356253.474,2026-09-28,138.45006261612232,169.2146379656104,98.90018368560318,93.73724037645208,20.00122702400767
43356353.530,2026-09-28,140.38645342396268,174.50820718407115,102.53321871823734,94.73154335713255,21.12415575460092
43356453.585,2026-09-28,136.71004146706804,165.07500233327855,98.45356616747611,93.82875601686011,22.655828274201767
43356553.641,2026-09-28,138.24127666687036,169.03584153714786,100.38999741803828,93.61445348560228,23.446682580247792
43356653.696,2026-09-28,139.27287844431112,159.2997586502609,100.5140199159462,93.7471536851472,19.91151647631403
43356753.752,2026-09-28,139.6653566237941,169.07434292294582,99.33009218343379,93.87746576312071,22.808962269850106
43356853.808,2026-09-28,139.6045531166926,164.25246527040824,102.08527678788248,94.56455786362908,21.88339060383691
43356953.863,2026-09-28,137.98440808497526,170.54991191718108,98.7010784612484,94.54988231389207,21.267321771134707
43357053.919,2026-09-28,138.20118062498273,168.8339831386219,99.71535883639913,93.73334417194316,22.491469310505355
43357153.974,2026-09-28,137.76461025264888,171.33042400085873,97.79998062628879,94.55359655582316,21.954916402597227
43357254.030,2026-09-28,139.62683526147842,164.07626237957635,97.36564153824143,93.8027577485185,20.84108472016196
43357354.086,2026-09-28,139.10953115367127,170.36353896106803,99.66431692976755,93.98832421449679,20.510515705391672
43357454.141,2026-09-28,138.6384303561467,166.7773600851113,98.34223676131003,94.12912316582833,21.894663394878076
43357554.197,2026-09-28,137.0282577997068,166.61037459839565,101.36897005721258,93.58710004762705,19.941702546506345
43357654.252,2026-09-28,137.01066584769598,165.39882086991153,101.17214969241802,93.71882716389976,21.82528083019879
43357754.308,2026-09-28,139.61318477741062,171.82696561585294,101.72752875290095,94.04176860460241,20.656719968254077
43357854.364,2026-09-28,138.80876028071626,167.15048271164397,100.1239423199194,93.45861521008409,20.963859777761073
43357954.419,2026-09-28,139.10023822729255,166.13811929742675,97.55243387259706,94.77226505179145,21.58014120154161
43358054.475,2026-09-28,141.62354734499888,169.5545781813846,99.84062521553469,94.18409574889421,22.611889840819185
43358154.530,2026-09-28,138.18393321237255,170.2494735591085,100.99527641467861,93.57344178216577,22.09773824767255
43358254.586,2026-09-28,138.08011156616587,169.41290628781528,98.49152510400532,94.52889723019885,23.08215532837957
43358354.641,2026-09-28,137.0414196993794,163.68333119658098,97.84728724132768,94.27167907604694,22.91687080380894
43358454.697,2026-09-28,140.94237927332696,178.3029720250677,101.5431154056924,94.31846713829304,21.18535580757638
43358554.753,2026-09-28,141.74864119057239,167.47233537763634,100.03865023596181,94.36152595744946,23.215886481301496
43358654.808,2026-09-28,141.9686129754458,166.98999913206916,102.14730106197602,93.96396078364094,23.963246105703742
43358754.864,2026-09-28,139.35063083669138,169.96881043664666,100.28107689695588,94.20389414789489,21.78089302190559
43358854.919,2026-09-28,141.84243028527104,166.36019967198018,100.69596052980162,94.13923925001887,21.656531573062004
43358954.975,2026-09-28,137.7044958198454,168.5860231858277,99.82285094497598,94.24193661904081,24.871384276871076
43359055.031,2026-09-28,137.56439021441685,166.7860471170933,102.40054873564029,93.62390083999847,22.473599396239123
43359155.086,2026-09-28,139.09982835929523,169.1614004257304,98.17942797343018,94.5124343151319,21.903975998222904
43359255.142,2026-09-28,136.25404922826766,161.56329229025968,99.81128937024774,94.73386772084287,20.88233711539751
43359355.197,2026-09-28,139.06630344275578,173.44549081188222,101.50407295337668,94.26154943065083,22.728507803561197
43359455.253,2026-09-28,136.12466543921502,169.38416602479415,102.94308964602112,93.29057817006986,23.620889676415267
43359555.309,2026-09-28,137.71562572891844,166.1228496570795,98.15304186742517,93.3663800697112,21.15467138781582
43359655.364,2026-09-28,139.51437087186972,163.65833746019646,95.97833962810252,93.97718406303078,21.949303065509195
43359755.420,2026-09-28,143.15437645381783,167.37191212798606,97.51817331596301,94.49156281733805,20.766683018531662
43359855.475,2026-09-28,136.12576451383495,165.3120712049341,97.81092625835315,94.24136660317222,20.72224215425325
43359955.531,2026-09-28,136.49251955811863,171.57160630064195,97.70087872407761,93.95166337541025,21.91201452102485
43360055.586,2026-09-28,137.4440159553826,165.47084755747548,99.01263777485747,94.3485209920798,20.29695166545771
43360155.642,2026-09-28,138.2552483893345,171.7228335775175,99.59441807438382,93.52446455555082,22.077817535724986
43360255.698,2026-09-28,138.8220118850651,162.2248747707378,97.9727759286818,93.83291103773793,22.26921583480117
43360355.753,2026-09-28,136.65908747026066,171.50174809333677,99.83371755882494,93.65240346110019,22.220140212907705
43360455.809,2026-09-28,134.68923655092755,164.1700100032351,100.79209380693032,94.12671850328589,21.58982653613208
43360555.864,2026-09-28,136.4598007977874,168.01162154867268,99.61720463274281,94.46896587467027,21.962572588637194
43360655.920,2026-09-28,139.53507434189115,167.29273608622978,94.85983990213116,93.55408529586737,23.647616671854788
43360755.976,2026-09-28,137.51869891025368,164.62956774150996,100.03697751094046,93.82717006264106,21.961062704122472
43360856.031,2026-09-28,138.00710955122906,164.93458589730332,102.61468375579969,93.98482473461512,23.824987152165207
43360956.087,2026-09-28,133.61003450813817,169.30132188409823,100.87238514376911,93.92872181813689,21.83248398701687
43361056.142,2026-09-28,140.49285932265602,168.8653909430503,100.00818270103005,93.32318916914804,21.983676105476544
43361156.198,2026-09-28,136.66352834540896,166.41729888774793,101.9089611606616,93.73199708918136,23.060414154321663
43361256.253,2026-09-28,135.64354730592174,163.79545154522967,100.05224293748188,94.48230101237267,21.816508389326888
43361356.309,2026-09-28,141.02451528276976,162.53018379761002,98.59747397059057,93.10385752303378,20.52134024919775
43361456.365,2026-09-28,140.0725388285011,165.4525702840638,98.05293817975223,94.13956682729892,20.803111760259
43361556.420,2026-09-28,137.84771180299052,167.67106242150967,98.09503303469978,94.03305280308504,21.190226388536022
43361656.476,2026-09-28,138.8138383189276,169.85482642672173,98.38980402165217,94.61695819327419,23.220412784027246
43361756.531,2026-09-28,134.08575764839784,164.54630373162757,102.62595111105794,93.87361923451112,20.902207721535312
43361856.587,2026-09-28,136.35098799001372,168.43582845624604,101.37989498510778,94.1085949611473,21.01691264363556
43361956.643,2026-09-28,141.96708976285586,168.86031236236684,97.40645457623067,94.07972669694296,21.52905160391943
43362056.698,2026-09-28,136.09294957583754,166.14873573045637,96.55136522368753,93.91547785494774,21.992070593212286
43362156.754,2026-09-28,140.35766108104846,168.7720078451782,99.23875449480991,94.03132536911853,21.32792976763409
43362256.809,2026-09-28,140.26124457622967,169.3740709162866,97.98992018658372,94.0760994074804,21.69532477772092
43362356.865,2026-09-28,135.89913718037715,163.8477020852835,96.90041614671243,93.72405511429581,21.99438411357502
43362456.921,2026-09-28,135.13052470907655,165.73375028620893,99.75724975836886,93.57395687146297,21.615130504363364
43362556.976,2026-09-28,140.96533424712268,164.93358086442618,98.11372183464384,94.33061631845695,22.980044072015453
43362657.032,2026-09-28,137.21802075279464,170.8200747507058,98.86985857135888,93.85791109447031,21.43077334658653
43362757.087,2026-09-28,137.43126123242615,168.48199256945793,98.98348127977869,94.4916009226896,23.396127180820688
43362857.143,2026-09-28,138.24660429618567,160.24859813741688,98.07724300063506,94.04060660610887,21.49239366048191
43362957.198,2026-09-28,138.64469752218676,174.70603867851824,98.83689179635452,94.28809941422259,22.357801172963043
43363057.254,2026-09-28,137.62872891160234,163.14202602129689,98.09983493808775,93.50402183635684,21.99311172166965
43363157.310,2026-09-28,134.86564738623474,166.93348904387716,98.16211762390901,93.89986065662943,22.582162520610446
43363257.365,2026-09-28,134.42831044175787,167.82233633459765,98.98434600540614,94.28449889294112,22.968772380696592
43363357.421,2026-09-28,138.0917500129417,169.27110594175062,96.83476224023822,93.14955438381119,21.764325930129967
43363457.476,2026-09-28,137.10917640071176,171.12388074398905,99.16974523407981,92.79259022536213,23.408123718540416
43363557.532,2026-09-28,134.31813809207935,162.16016906477125,97.46567253244802,93.69062400990796,22.98121011675592
43363657.588,2026-09-28,135.1364798207073,170.67967884985916,98.27092592248435,93.69410543804965,23.04377740283113
43363757.643,2026-09-28,137.37219953385218,165.1005812739484,99.57396697027063,93.318965360823,21.17616533347713
43363857.699,2026-09-28,139.21808701417717,170.82560932144784,99.87483007856676,94.17180668876927,20.85939740233153
43363957.754,2026-09-28,134.1446052174221,168.4027737955533,97.92888448507394,94.15343846464005,22.838995130499736
43364057.810,2026-09-28,141.09342165562254,165.78749635731057,102.62948617235068,94.59678572594594,21.95413889340129
43364157.865,2026-09-28,138.16458651119638,168.13102950003974,99.17051041965435,94.44485479231469,20.15944289900779
43364257.921,2026-09-28,135.71015383255286,164.52898393037324,101.77765116972242,94.41327916294594,22.954287495188865
43364357.977,2026-09-28,137.8094116232397,165.26495103706563,97.44890630509846,94.4150339563435,20.959133895386
43364458.032,2026-09-28,135.02846671779955,167.5568901450212,98.64637036332856,94.00737663011498,22.47620691262143
43364558.088,2026-09-28,138.82448908189753,173.23204566041534,98.886731809395,93.95913314464808,21.498542145262746
43364658.143,2026-09-28,136.7238010250034,164.5125280717783,101.02634300761162,93.6876192589201,22.404737290297575
43364758.199,2026-09-28,134.34435472726844,164.61951421525436,97.97006621443862,93.95089373106882,21.114392854942054
43364858.255,2026-09-28,136.10802736204866,165.44102902871805,98.52593966826191,94.15584832697962,22.636181369474233
43364958.310,2026-09-28,136.53651470372634,171.41844603057632,98.7140536316347,93.30373925465521,22.956728173756265
43365058.366,2026-09-28,134.23359873578468,166.72549413870794,99.39979481855099,93.86932179930987,21.268435213271406
43365158.421,2026-09-28,134.77945291071381,164.63672831616555,100.88157794724718,94.22272040140452,21.922860797252447
43365258.477,2026-09-28,134.18074394617645,164.93164288779153,101.59681374231268,93.41240508623613,22.31646202263759
43365358.533,2026-09-28,137.01813207880525,169.98557681407283,97.20008576842945,94.55415954538216,22.263891338837823
43365458.588,2026-09-28,136.50570542587354,169.1164388630465,98.26063392022355,93.27587613182381,21.542581264892732
43365558.644,2026-09-28,138.76783662430384,169.27215053413974,101.6081430752897,93.83691774131647,20.9351890760479
43365658.699,2026-09-28,136.23752925955068,163.6908195949712,99.21868338846481,93.53498308665031,20.55761545771327
43365758.755,2026-09-28,138.85986887945214,170.71024138752966,96.77180842368081,94.14480221108911,21.588413981015595
43365858.810,2026-09-28,133.77787062537797,165.3461615093755,97.51733704891174,94.34092121451422,21.98476911929213
43365958.866,2026-09-28,135.7530614772947,163.44193083711536,97.602606269158,93.8314898393967,21.792631775296776
43366058.922,2026-09-28,141.36593514658827,168.36643196539356,97.28352586854899,93.91749989700496,21.14055090496495
43366158.977,2026-09-28,139.62305167170675,162.27285051976907,101.93670865387612,93.3540711460965,21.60817741523357
43366259.033,2026-09-28,133.5331963299762,167.55925739437254,100.46695295420572,93.99586107433892,21.7875855021946
43366359.088,2026-09-28,136.6239652555014,169.7549823680315,97.06172978201124,93.13859044328251,21.08521719981591
43366459.144,2026-09-28,135.21345485375022,168.27577492643837,103.5974231987078,94.27332682885779,22.383666910561196
43366559.200,2026-09-28,137.87658203317366,167.2493573737711,96.49116856071814,93.4048174967201,22.870478327090424
43366659.255,2026-09-28,133.1613244974953,159.10608798972237,99.49080006229751,94.44645103191829,21.255620592967674
43366759.311,2026-09-28,135.9324478635261,166.12535512248584,99.08102940488996,93.81678992024499,20.87724029805443
43366859.366,2026-09-28,136.73195892082265,165.57162458501583,95.90531757647409,93.72265853852107,22.00190161238547
43366959.422,2026-09-28,136.40761447742662,165.1567055247019,96.50605261777754,93.35337060646404,21.66015041947073
43367059.477,2026-09-28,135.01114499674907,171.37116878287253,102.2891716248955,93.86124041098414,22.376035560576614
43367159.533,2026-09-28,135.45532584228854,164.4046118921618,102.57999807502931,93.59333986509087,22.397564475759207
43367259.589,2026-09-28,136.18603853613715,167.96645985763988,97.64859055231645,93.69053479725784,22.445019454184717
43367359.644,2026-09-28,136.91660799384388,166.12441338476697,100.43821331605481,94.39077540063704,21.70341004068178
43367459.700,2026-09-28,134.96474130698954,167.25587522298522,101.35844781894006,94.09975535057681,22.940986381134863
43367559.755,2026-09-28,137.93431526937255,171.75675871534105,97.23911571168072,94.83592960164546,22.718441267768814
43367659.811,2026-09-28,137.24977106835888,162.13803170583617,100.3706430086682,94.40442222114575,21.798514590207798
43367759.867,2026-09-28,136.8648468960447,165.57756602501348,98.95738444962149,93.15839738878195,20.55392982323736
43367859.922,2026-09-28,134.95180964820594,164.24688592031683,99.03696594131198,94.41645898048326,24.47619074867745
43367959.978,2026-09-28,136.84055313857792,168.51018851286125,96.66271642897762,93.5774596511086,22.423209141809746
43368060.033,2026-09-28,132.91453569856554,166.46150021832943,101.30659340069742,94.32069084059579,21.19065907609813
43368160.089,2026-09-28,136.14827464143528,163.66061634943514,99.3114748283214,93.32106802035635,24.114107509295863
43368260.145,2026-09-28,137.1503791682632,164.65003080310026,99.35499234551509,93.96250133094557,22.840257648363217
43368360.200,2026-09-28,132.71662596701432,158.94338962444942,99.73797933171795,93.43279298581231,21.914510034368934
43368460.256,2026-09-28,135.44643801031668,165.14389134789752,99.84650744312363,94.41787971338734,23.017950646735223
43368560.311,2026-09-28,134.73289898461582,173.72439722443843,97.73547233847495,93.88603263755783,21.27946978981982
43368660.367,2026-09-28,130.38595689750554,154.93925515484293,97.57556075743514,94.34995553179516,19.659765811896868
43368760.422,2026-09-28,134.56541518068838,166.30899301325405,98.97961870682478,94.90398343733163,21.9432224599005
43368860.478,2026-09-28,136.17933928036229,166.6376723497362,100.34940585409831,94.2372792671979,22.770015960415716
43368960.534,2026-09-28,130.18823447421522,166.77047849845715,101.1571773408698,93.52247182812658,22.211382861983722
43369060.589,2026-09-28,134.2608484003402,165.50011994435764,94.8069691349404,95.16793357165501,21.25989479570442
43369160.645,2026-09-28,136.1384208087738,162.52285491986567,96.93605705288483,94.43806412657818,21.03771675663363
43369260.700,2026-09-28,135.7072699723664,161.6790204534159,98.44059364920112,94.09827170799875,23.82438003636363
43369360.756,2026-09-28,130.50324842163312,163.42657436869715,101.37161287690998,94.57025758183657,23.567682959010195
43369460.812,2026-09-28,135.8767607835567,168.2155640391417,98.46373518010552,94.06637526471025,21.89606711852624
43369560.867,2026-09-28,136.6130980224351,167.71977678282727,96.27284466125269,93.8735740199119,19.305694518319775
43369660.923,2026-09-28,134.7600317349727,164.67362056542197,97.03195923858681,93.6490699749499,23.036271572108202
43369760.978,2026-09-28,134.50210347318432,167.14592333468215,97.53399776733704,93.18200642734152,22.39476456749561
43369861.034,2026-09-28,133.14309723741334,164.3105972090021,97.58427430921505,93.58703036362239,21.35721492920323
43369961.089,2026-09-28,134.48506381963804,162.80433950798857,100.67111150858626,94.23034384733609,21.536433435869615
43370061.145,2026-09-28,135.43135702537353,163.94772710339367,100.25964381422513,94.6791385664796,21.422341244724066
43370161.201,2026-09-28,137.29369677190516,166.79107735914138,95.78729294674734,93.72460546288464,22.279466321368574
43370261.256,2026-09-28,134.3831428916361,162.227081392841,97.79186586587456,94.38217241648803,22.118130052580522
43370361.312,2026-09-28,135.92424484204992,167.93713163945372,102.15942391483642,94.35998685257198,21.357923516453898
43370461.367,2026-09-28,130.44461099200092,168.181859076046,94.48827716352955,93.27649439434835,22.62002446076004
43370561.423,2026-09-28,134.18789257023116,169.00456317441007,101.78478154054181,93.2049747628233,23.133411903170277
43370661.479,2026-09-28,136.2269643132028,163.87221116836494,97.79132661829044,94.16152650137275,23.1096977301341
43370761.534,2026-09-28,136.96938843221702,166.201376016864,99.21878881861716,94.33580900384717,23.348596135078875
43370861.590,2026-09-28,135.05537456129818,165.35559590302626,98.43026984798146,94.43742197556051,22.602309923805894
43370961.645,2026-09-28,133.54620421460743,165.06655259394427,98.10926880355836,94.02826787232243,20.889863492061565
43371061.701,2026-09-28,133.45168171065927,163.53087271423158,95.8818598440452,93.03718001247223,21.0647173555279
43371161.757,2026-09-28,133.87594190756894,164.69910483627467,98.72017648922333,93.08847431291322,23.025674394912546
43371261.812,2026-09-28,135.97082598797093,164.51691822460032,99.24094387103302,94.03425893168043,21.19901728680258
43371361.868,2026-09-28,135.10490125158415,163.74705799555213,102.27677414941908,93.81218921671882,24.148052044085897
43371461.923,2026-09-28,133.22235684369568,164.56324433915725,98.04376851542877,94.35385195845015,22.259889855659186
43371561.979,2026-09-28,138.0427360060872,163.66050172493078,96.51846907752758,94.14520987611817,21.21404457201844
43371662.034,2026-09-28,134.44790091857038,163.77466871242584,98.64624713194142,94.19323405374017,20.55636669640365
43371762.090,2026-09-28,135.3534518951844,161.51466315814972,95.81227181915669,92.92895441401191,21.974531245121266
43371862.146,2026-09-28,133.08801976735293,167.84665444076091,99.8811986849439,95.05374466719019,22.94697169860918
43371962.201,2026-09-28,131.49590893815642,164.46666272199877,98.44786474633035,93.98167812450653,21.92478813328422
43372062.257,2026-09-28,130.36778327365334,162.05536235928727,96.07386056469156,93.58559421863336,21.84392616609036
43372162.312,2026-09-28,134.8439138917903,160.40806378645757,98.1902719410725,94.34212433591092,21.423533950499973
43372262.368,2026-09-28,130.67843227593877,164.25266569801084,98.16746227523807,93.5628043265818,21.752206127438654
43372362.424,2026-09-28,134.09740071786868,162.23709155976582,98.27339321181205,94.55465328173679,21.72510503463188
43372462.479,2026-09-28,137.1207891117052,161.1048536495432,102.00763761067083,93.85360919021396,21.60899086551461
43372562.535,2026-09-28,134.24067397971584,160.30033579361714,95.85550646229537,93.88215022886457,20.842496567543012
43372662.590,2026-09-28,135.48014902632227,163.5685504645258,98.29867342336487,93.03257198139323,20.329397460445694
43372762.646,2026-09-28,134.8822972180163,164.80616563152623,102.98875315276365,94.66290168503434,20.860041104812883
43372862.702,2026-09-28,133.65237462316264,158.09003765950848,97.04196939621782,94.09787087799893,20.113278162816968
43372962.757,2026-09-28,130.33323233939004,158.73650488515153,99.76270138550866,93.1457257731649,23.96650342288331
43373062.813,2026-09-28,133.8062557145783,166.93129439105607,101.50204414771422,94.34351153661753,22.341377869944772
43373162.868,2026-09-28,129.13701165321007,167.0758036191225,98.15120639746725,93.68867718563673,19.536211696370497
43373262.924,2026-09-28,137.93281074135376,164.7758068390267,100.24885935943566,94.38412798754794,22.68114248186219
43373362.979,2026-09-28,134.35014991407303,168.02820670376778,101.66176501811846,93.58063394535199,22.736903884527056
43373463.035,2026-09-28,135.0065082743205,166.9875289399323,102.18630836636618,94.06695438395636,21.556958679664326
43373563.091,2026-09-28,133.42197894367996,162.77218447530552,99.42285623331546,93.95540812974959,21.657965290873342
43373663.146,2026-09-28,136.1650563906067,163.51590066080325,99.2454277668963,93.91946384897051,22.62717166223477
43373763.202,2026-09-28,132.7542133324838,168.51352454699526,100.05261062058086,94.26276707865091,20.94635190581301
43373863.257,2026-09-28,132.11479430526245,165.209343415343,101.47457514941935,93.5118218260795,22.021614572027584
43373963.313,2026-09-28,137.8978664798929,169.39089909157352,99.13202318333738,93.41227551110595,21.08929538601714
43374063.369,2026-09-28,134.46104288379524,162.05882401848788,102.59759122431738,93.54627367470212,20.510495092379788
43374163.424,2026-09-28,132.01408208887864,155.9607244032427,100.47859297083092,94.00663430768196,20.74735490527021
43374263.480,2026-09-28,133.2275481226503,163.71964744290082,99.42353112195674,93.93214836571131,22.588069262130336
43374363.535,2026-09-28,134.24154528065853,167.3309688824675,95.71525980511504,93.33300118141499,23.7527824978943
43374463.591,2026-09-28,136.21515125135372,166.2647710101048,101.40756230213539,93.66905892777966,21.29933633035259
43374563.646,2026-09-28,137.731324080391,162.45128072038423,97.4063241551408,93.58064092525946,21.028799341715544
43374663.702,2026-09-28,136.4772485938979,165.9736417131869,100.67938255255106,93.76611584023543,22.085588530714666
43374763.758,2026-09-28,132.84405141517865,159.0755730811954,97.1384863462129,94.48722953226498,21.00627662714234
43374863.813,2026-09-28,132.88902746133152,158.62694619268044,99.67069255934435,93.42208192091044,22.9093560875267
43374963.869,2026-09-28,134.61445027578165,161.9700752970627,97.61952750547478,94.4664240262655,22.754580133200005
43375063.924,2026-09-28,131.97570544752782,167.0375327915279,98.41152499957204,93.4426196962485,22.12403372150813
43375163.980,2026-09-28,132.49705230979515,163.07701410899335,100.24985537682021,93.62856100655998,21.737278204620914
43375264.036,2026-09-28,134.99410037071792,159.52544152872787,99.62016631373452,94.16782071646294,22.605331326612358
43375364.091,2026-09-28,135.28919139726813,168.85217627215678,98.5499772143301,93.94883421072548,23.175006539537858
43375464.147,2026-09-28,134.65716257174228,164.41336675248908,96.41176696830605,93.00353971130163,21.5668529966139
43375564.202,2026-09-28,132.1969884483356,164.10843486705872,100.64038220410495,93.80143897019308,21.584864981773837
43375664.258,2026-09-28,135.67161303334169,159.9474348956914,99.25436505891597,94.26371864977412,23.398654741092304
43375764.314,2026-09-28,131.41532619577964,164.14824567994845,98.23643445096971,94.87355013494562,22.364114848010274
43375864.369,2026-09-28,134.8478180842619,160.98017548398641,94.7159603140127,94.92107936807652,22.826059115391264
43375964.425,2026-09-28,135.5182430841412,159.93658423696962,96.3586206037971,94.0115593442403,22.395375155037975
43376064.480,2026-09-28,128.61740700317986,162.50404560701665,97.6035246056917,93.41328302094824,22.098051416937643
43376164.536,2026-09-28,133.54503928040955,159.50329060593612,96.11163985807647,93.54381278077108,22.66075967043928
43376264.591,2026-09-28,130.10913382144062,164.1848944835297,99.09093336339345,94.915467140398,22.536792710357407
43376364.647,2026-09-28,130.26143297090508,165.45727196921217,94.90625215258511,94.04343192360902,23.176868870132434
43376464.703,2026-09-28,135.5641681845109,163.72237051980218,96.84580928153107,93.77259836722428,23.00097707332511
43376564.758,2026-09-28,135.56632780493203,164.26267869010562,98.51380275019024,94.19511785124325,22.722506319694567
43376664.814,2026-09-28,131.66828944253885,159.80685668241335,99.90503554614004,94.66556908384678,23.013522792305007
43376764.869,2026-09-28,131.83270977171117,166.36305340555776,100.97863617983178,94.413821312212,20.817356423193562
43376864.925,2026-09-28,130.23796079332251,164.0028536985188,98.00378222822188,93.53971975155916,22.55741936240099
43376964.981,2026-09-28,130.82379539723112,163.96554996407565,99.36068214617526,92.91385633682634,22.92031688751557
43377065.036,2026-09-28,133.01710366948794,161.9063650947374,97.47768125995307,94.44505887181238,23.372703291397805
43377165.092,2026-09-28,133.71244372408307,162.26543293922867,96.21537977811062,94.09567130981134,21.38878917368614
43377265.147,2026-09-28,134.03363479831955,159.89404639642427,99.95815479644992,94.71404206976551,21.5383657956928
43377365.203,2026-09-28,129.88104486026236,160.20109327764794,101.03936689895107,94.96479763666557,21.1203071168811
43377465.258,2026-09-28,136.4464002861077,160.18702616368188,97.31052898833833,93.49490506857492,22.069299537158187
43377565.314,2026-09-28,129.6292673387277,162.29024045257168,99.12111300951022,93.09521848331958,20.60377706061434
43377665.370,2026-09-28,128.14262940118275,157.1906576997028,98.86999161224698,94.03064368414823,22.016735420751786
43377765.425,2026-09-28,128.6746488055753,163.17829641441386,99.28433711408928,94.4353151302033,22.42133036618923
43377865.481,2026-09-28,133.73468821004542,166.1132198588454,96.64990289451369,93.51539818618434,23.012773744813263
43377965.536,2026-09-28,134.75415644342007,165.61620569569638,101.90244702043861,94.37683988784777,22.69737427689112
43378065.592,2026-09-28,132.51366167190378,159.8657069976241,96.9944698509906,94.02039851549993,22.0090294794855
43378165.648,2026-09-28,130.17157605928892,161.3523792418226,95.83100426321265,93.34060151557668,20.75963164245679
43378265.703,2026-09-28,131.64108984354596,165.1391601437991,92.55129196156496,93.42965503233935,22.674053387490982
43378365.759,2026-09-28,128.02847586225369,158.27816488235837,98.1639786216978,93.93699458962212,21.78027486345983
43378465.814,2026-09-28,132.8030477054536,163.4893367924504,96.46455866080946,93.6258030760489,22.31774219087364
43378565.870,2026-09-28,133.7738345700119,158.97675241691275,101.76922733992036,93.69880182547877,23.725630445683972
43378665.926,2026-09-28,132.37707628696342,162.40978577666974,98.97882832711167,93.98060244312776,21.359520956124076
43378765.981,2026-09-28,129.2529423754235,162.00417509270997,97.96521254340011,93.84177022623838,21.7062012456923
43378866.037,2026-09-28,133.13919843841308,163.93909535775688,100.71704950077286,94.7864144547437,21.00814720743931
43378966.092,2026-09-28,131.28817553734464,164.90827303632844,99.72768479290579,94.49230369049036,23.337829127123282
43379066.148,2026-09-28,131.06774792654863,164.4813560840432,99.26459519223012,92.94521455507578,19.984802166948235
43379166.203,2026-09-28,128.20292742675483,166.72977108440122,97.17461155742436,93.21141708099026,20.65797309294042
43379266.259,2026-09-28,133.03382463610083,158.69777356425578,99.2310886287758,93.54188018797832,20.21108499181465
43379366.315,2026-09-28,133.2544473166089,166.80861082468087,97.77739890327503,93.68865009519229,21.454684425330836
43379466.370,2026-09-28,132.24082480946228,159.50267379968565,98.00174638329501,94.46368404271483,20.459523835916276
43379566.426,2026-09-28,131.90090405266253,161.07299128802308,95.44151011370707,94.54091243948737,22.738707825488774
43379666.481,2026-09-28,129.30481042939755,169.0674915797994,97.63070422773106,93.6543631557614,21.96593490424868
43379766.537,2026-09-28,132.90433077306878,165.23793536086484,96.93682146787933,93.62619151983421,23.21542397331472
43379866.593,2026-09-28,131.61800092681563,164.66130322659868,97.79382202728074,93.57182279749152,22.609606038986104
43379966.648,2026-09-28,134.15332126654525,156.71606672190805,100.40868499872795,94.45300248554734,22.19341404547312
43380066.704,2026-09-28,128.53659873057242,165.1001872182149,99.25049275169474,94.32526018988183,23.34030641340941
43380166.759,2026-09-28,132.5153676027869,159.20098728829174,99.60853970162546,93.78462684513116,23.72826404090095
43380266.815,2026-09-28,129.57881748423011,161.35206789866916,97.84421183211266,94.13233668455469,23.336558096761504
43380366.870,2026-09-28,126.24743638669051,165.95237552265078,99.6973577074992,94.64072937288788,24.083838791451356
43380466.926,2026-09-28,131.90541983573954,161.13464771373663,96.95197411576062,93.61601230176966,23.087004331169542
43380566.982,2026-09-28,127.33933465806751,159.13385634760886,96.17649956548652,94.04110410382805,24.562571333520772
43380667.037,2026-09-28,128.24753137538775,157.865112010132,99.1592847834781,93.68628744851293,22.378197735666806
43380767.093,2026-09-28,128.47541103824702,156.36108044680063,97.16457438215767,94.03900252476024,20.328259575363635
43380867.148,2026-09-28,129.3907303230047,164.40438157195925,98.10371405125593,94.48232532233298,22.583790995987968
43380967.204,2026-09-28,128.27104165950888,164.6326762948991,96.00133858666021,93.65129395374105,21.431806050303216
43381067.260,2026-09-28,130.52073568272348,166.49325519484918,97.25424009578998,94.23519520455245,22.941305406170226
43381167.315,2026-09-28,129.3037125855349,166.45805158037462,98.40443760699095,94.87077409288108,24.04767699241982
43381267.371,2026-09-28,131.70322765986415,158.68824203291265,97.95703881937739,94.51489530393161,23.455376743022114
43381367.426,2026-09-28,131.66259786892905,160.63883215940834,97.01526904733501,94.24773669584616,20.73585963409981
43381467.482,2026-09-28,129.47871770899278,162.7656901000143,97.46410058781551,94.93236470478865,22.417589961675056
43381567.538,2026-09-28,130.2136807267862,160.85068206339142,94.40547575652774,94.37352619855817,21.015457580254886
43381667.593,2026-09-28,133.14002490565275,159.23025101025337,97.46585471368941,95.05646432470378,22.155960274191717
43381767.649,2026-09-28,128.4921372549656,161.7900749261543,98.76007843805263,94.02708975587193,22.590761199171993
43381867.704,2026-09-28,130.1159357153174,160.73489435003208,98.92030764617462,93.6118341559768,21.692984679841523
43381967.760,2026-09-28,129.726924962743,163.94769954383614,99.79413474050293,93.48548184610704,21.980476005811244
43382067.815,2026-09-28,130.2473512019692,160.74055365547562,93.48064385700617,93.48426787723905,22.195506514686663
43382167.871,2026-09-28,128.55133627235554,162.59417287738668,99.11104365104477,94.00180312713051,21.94902001244781
43382267.927,2026-09-28,132.08076549138522,162.83852031134475,98.5664559763604,93.7791433911229,22.1819564819274
43382367.982,2026-09-28,129.98516514093552,163.44686459893063,98.57053774733953,93.88151223463643,21.19253096891525
43382468.038,2026-09-28,131.16875705449038,160.80082667201717,95.5463704246844,94.54226770133977,20.719126603878813
43382568.093,2026-09-28,128.20141098659047,159.7021345461509,97.82942413800008,93.94302394424746,22.34078585765422
43382668.149,2026-09-28,130.81529039246348,162.8910899131905,93.06370598867744,93.63603680719066,20.181686067443085
43382768.205,2026-09-28,131.12936874519974,162.0657793912786,97.40108420541243,93.9666366249643,23.04429261085298
43382868.260,2026-09-28,129.07529701110266,162.2602566711356,97.25912696756612,93.6442076523527,21.120618910336898
43382968.316,2026-09-28,128.81011260807605,163.84050009108958,97.80461844642528,94.08819453603715,21.82745863121956
43383068.371,2026-09-28,131.3246427007218,162.50956650011594,95.68332757285303,93.69989188189727,22.896872989537215
43383168.427,2026-09-28,129.42350822446693,154.44793297104025,95.634691205285,94.24239642191418,22.392082064232145
43383268.482,2026-09-28,127.28199042368003,161.89830544175808,98.79900938426428,93.4511183227036,22.54883384829011
43383368.538,2026-09-28,132.38970945942387,159.6037559916793,99.97957494161402,94.69948909121814,23.199538454759356
43383468.594,2026-09-28,130.312340171856,154.08772441466496,96.85758264089588,93.56361582636204,21.223933119809164
43383568.649,2026-09-28,129.22266801802513,158.69850951025947,98.4205447781501,94.05534699689319,21.052586329298073
43383668.705,2026-09-28,129.68901390026417,161.23099862939875,98.15311144259955,93.85799474558323,20.22922411178093
43383768.760,2026-09-28,128.05057179537,162.79330073499978,97.16610438557831,94.45894989252744,20.73643260154997
43383868.816,2026-09-28,128.02125245782423,162.7680555689155,95.74870282686385,94.97849934623638,23.180608575795596
43383968.872,2026-09-28,127.17845593192342,166.12926385008174,99.7619676332873,93.72490888761082,22.003795601891078
43384068.927,2026-09-28,131.22639246084447,161.9198751933101,94.71380194041178,93.71178811107605,22.609744265300908
43384168.983,2026-09-28,130.8663017536165,160.3758635706251,99.21743651708155,93.77901107141268,22.971141668104092
43384269.038,2026-09-28,130.41537659998468,163.89744666170347,96.52730059128605,94.76096516873537,21.769324838447623
43384369.094,2026-09-28,132.71511611526063,167.88649149259606,98.6639071729363,94.41393015406085,22.259514803718194
43384469.150,2026-09-28,131.12263219945044,164.09107597590003,97.7175339055014,93.79760181360275,23.082482805437788
43384569.205,2026-09-28,133.7397610863444,160.51088805699345,98.34724090198945,93.42590820576564,22.59495116379169
43384669.261,2026-09-28,128.31486014232374,160.6250875471416,93.29982469954646,93.0628423968703,23.252971323438977
43384769.316,2026-09-28,127.73053441927902,158.084887396645,95.82544397145801,93.46411986374733,22.325317628105324
43384869.372,2026-09-28,128.82946121977497,156.94490407442143,99.41444648197223,93.8746102798417,21.713456907876743
43384969.427,2026-09-28,129.51611389137008,161.60067361479466,96.65295676339811,93.70611468981275,22.372703872197448
43385069.483,2026-09-28,128.844868342167,159.6513271828462,97.383602642701,94.39215041123198,23.05023383683918
43385169.539,2026-09-28,128.8972244293818,157.3111444310766,99.78169396631647,93.9975994697172,18.92529497524946
43385269.594,2026-09-28,132.40233442697937,162.93468094033835,97.16610339075824,94.52814549036488,21.37103439177478
43385369.650,2026-09-28,130.6925605043104,162.34929488201854,95.76704028094603,93.96372363345836,23.157226878482554
43385469.705,2026-09-28,129.77481273848284,160.27453037923829,99.98750223036349,93.21798599168152,22.24052040356892
43385569.761,2026-09-28,127.12423960656412,159.72413471086972,97.96810076592323,94.77948897883185,21.93173421416983
43385669.817,2026-09-28,131.39270155277316,162.36081675269207,98.95510597254805,93.63770959838088,21.967570919615664
43385769.872,2026-09-28,128.02341259734987,162.04086774673908,103.30004832401661,94.88726538574834,21.96982195912745
43385869.928,2026-09-28,131.41119872804555,163.42702400108737,100.63014763104802,93.86869071940708,21.978798744735077
43385969.983,2026-09-28,127.99621201508536,154.25940868754958,102.13004987364657,93.50677352186563,22.948153107442486
43386070.039,2026-09-28,128.32313910041256,163.0502222544107,98.04179540057524,93.9517525602371,23.75661922780842
43386170.094,2026-09-28,133.78799847553114,162.14347878823628,97.12001516745224,94.64618662963092,21.604879741668345
43386270.150,2026-09-28,127.6714842622531,165.901649542883,96.47893764221286,93.88187332834495,21.467155947629887
43386370.206,2026-09-28,130.48969008611687,158.68134861232065,94.70173843716006,94.64189431331957,22.563803978595235
43386470.261,2026-09-28,130.03672251731112,155.2644652427634,100.09411608294499,93.94221638922622,20.535770855237843
43386570.317,2026-09-28,128.3108091737633,156.91356707836943,97.47466491731582,93.68355411553337,21.688510593478505
43386670.372,2026-09-28,129.62172009869406,165.84294367812913,97.55749831273762,93.49029117862511,22.692044770233014
43386770.428,2026-09-28,127.05683305002256,161.43313530263657,98.81642047731151,93.7975872139522,19.70569601879092
43386870.484,2026-09-28,127.52919605235128,161.14628433789346,95.67461157786977,92.88758145290306,21.03682343543253
43386970.539,2026-09-28,127.57741495477359,159.37218479148137,99.6818548426747,93.5229137731182,21.044102912772374
43387070.595,2026-09-28,128.41622271328208,158.9231455578858,101.00454340120321,92.80340347305312,21.47182754106646
43387170.650,2026-09-28,130.23712767626427,156.94670214968974,96.80108582277725,94.11273861784723,22.5685848840893
43387270.706,2026-09-28,130.61351667512437,161.83569220279446,99.47048875932619,94.26404343405838,22.124301361937263
43387370.762,2026-09-28,131.81883532049235,161.1724922876532,99.79336845122965,94.26971131525669,20.51662475247047
43387470.817,2026-09-28,129.9043994560343,159.64735802564553,100.80947372119249,93.44081936723451,21.504194734100754
43387570.873,2026-09-28,129.09230344417293,158.7698222592254,96.4930415570059,93.60061365195466,21.242397331809872
43387670.928,2026-09-28,129.40517306069853,162.15133936463354,100.90190270409153,93.61226643610996,23.8475805485024
43387770.984,2026-09-28,125.7713922456374,157.32561525859944,100.02252197135338,94.46703927029492,22.57927301182611
43387871.039,2026-09-28,131.67329749945586,162.15016999402195,96.93815966204666,94.26011655290105,22.821528016983148
43387971.095,2026-09-28,128.76492909412627,158.00356767162322,95.44647156973693,94.37947856913581,22.646652641609034
43388071.151,2026-09-28,128.41859187085987,163.91794044673554,99.72260503889197,94.02484047621854,20.882667864510047
43388171.206,2026-09-28,127.97843935315441,164.60061741255026,100.31913649532802,93.94443681292833,21.915899812313405
43388271.262,2026-09-28,130.4849201891455,162.37653903839163,98.48110587950649,94.16079444326655,21.218709833820288
43388371.317,2026-09-28,127.30567992957234,158.00691297142495,99.71876997923272,93.75790727809856,22.456104410563725
43388471.373,2026-09-28,125.44314043932263,157.61884233851586,95.9858950058954,93.64455343835051,22.317605763525144
43388571.429,2026-09-28,127.17900442523117,159.287143046242,100.90534108716992,94.01997680384623,21.3010964155806
43388671.484,2026-09-28,130.02105902800153,155.19382805103794,99.51319474009121,93.53514192626697,21.445600744085638
43388771.540,2026-09-28,125.99940934171377,162.38096508209648,98.99765326879155,93.94113831653671,21.154676585251607
43388871.595,2026-09-28,126.31674684130212,154.8021846686249,97.17421500872074,93.85730889561898,21.372475174908335
43388971.651,2026-09-28,127.25220203473008,156.7295276530115,100.10823714229606,94.2415155078119,22.44257690346621
43389071.707,2026-09-28,125.09972671068242,156.9889382225589,102.22555760658132,93.98803328905039,21.48735291549693
43389171.762,2026-09-28,128.05689784687317,159.222076108252,95.12875800420592,94.32866412324495,20.56985051308646
43389271.818,2026-09-28,127.0990278869642,157.2930867096128,101.31693953883108,94.60506268484998,22.90927305594205
43389371.873,2026-09-28,126.17671669267156,158.97897796988747,98.00980613690686,94.12840144192577,20.63171536148576
43389471.929,2026-09-28,127.18367405788773,159.75303366306275,97.08073996359963,94.19273283812463,21.563736513179887
43389571.984,2026-09-28,125.80163792745053,157.18560842130913,97.91844230427786,94.22520138354125,21.85509606567501
43389672.040,2026-09-28,124.75447645446042,157.9504257223804,98.1860920000595,94.76042661037877,21.2490887583719
43389772.096,2026-09-28,124.97002088785173,157.196157257593,97.2493896219763,93.21931677768255,21.968561154192663
43389872.151,2026-09-28,130.12977819656598,162.60204730279247,96.57085087643264,94.53822028562763,21.200582439433667
43389972.207,2026-09-28,128.93571609397247,153.19031958820452,95.28934118179534,94.81114434629667,21.686765082593922
43390072.262,2026-09-28,128.44716785931047,162.24991447344843,99.88469017970642,93.46314394101674,20.3839098973581
43390172.318,2026-09-28,131.17560546890581,162.0809014873835,97.44600850272452,93.21750822693096,23.324460829967236
43390272.374,2026-09-28,128.94600503547974,161.00324728867838,96.96757940585613,93.82361279672608,22.11785060237375
43390372.429,2026-09-28,126.3078525299997,152.68597236463108,96.88303017545898,93.75668857113762,21.1198081377163
43390472.485,2026-09-28,120.75492226172224,154.59635016244678,99.94856709858126,93.55031245526845,22.32271480082423
43390572.540,2026-09-28,124.5258517780478,163.2022875613833,95.55656770357061,93.61885756761187,22.315878498436827
43390672.596,2026-09-28,125.35988731951943,160.60368564007902,98.35540668935292,94.11407909814527,22.061663407380756
43390772.651,2026-09-28,129.8177178624662,161.9880454579064,97.72807621370048,94.35507761142408,21.78078197510314
43390872.707,2026-09-28,125.77796571421956,157.7406139782064,98.77697191194451,93.47119808624242,21.016199530453445
43390972.763,2026-09-28,128.32626232391837,156.86569528757678,97.19444327236216,93.43614315174905,20.970009759032493
43391072.818,2026-09-28,124.1831434722729,164.04132313160207,101.46508717275418,93.32023849839608,23.222553140819493
43391172.874,2026-09-28,126.23681069347036,165.58180222692255,94.73347976166538,93.85265863077913,21.47065893516737
43391272.929,2026-09-28,125.3048463945151,155.8253331391471,96.6788900514984,93.60079967839059,22.798669133410282
43391372.985,2026-09-28,128.91575351592942,162.42767923320702,100.41242631234768,94.31790125436152,22.426581407168847
43391473.041,2026-09-28,125.58824094314129,157.05427441011142,100.51919381485953,93.7655898152087,22.850963853347597
43391573.096,2026-09-28,124.7021608944957,157.98241903047227,97.6788850083985,93.30156433444313,22.75521549971659
43391673.152,2026-09-28,128.16668454311332,161.7064080741555,100.89529452537896,93.06519423281887,20.339502153848272
43391773.207,2026-09-28,127.32527708462926,161.26818616292087,98.00283913974677,94.77416713285615,22.320897838432977
43391873.263,2026-09-28,127.81902027854849,159.85770670417676,100.30393947358336,94.90572754150898,22.877229475963755
43391973.319,2026-09-28,129.12455532157313,159.00905449572028,102.95672649528788,93.48247153472403,20.84628618865323
43392073.374,2026-09-28,121.20928289456128,158.5467625001665,100.20998392562103,94.2636905612961,21.929364812914873
43392173.430,2026-09-28,124.75652137688112,163.84487925556797,95.49576771869542,93.90254862829902,23.87840663576606
43392273.485,2026-09-28,126.8816691917768,156.48190732179967,99.07406373548598,93.7324602612526,22.186265881092044
43392373.541,2026-09-28,125.30468506380585,158.86764342704365,100.26573549867645,93.92356112436212,23.26763793359114
43392473.596,2026-09-28,125.8978169775478,158.22940796646688,97.21517048837322,93.90853068473474,20.92540285537499
43392573.652,2026-09-28,128.57487936458912,161.23074566101633,98.07989799408925,93.97483233737424,22.817060430070523
43392673.708,2026-09-28,127.43757282557851,157.57829860604159,94.92952950102911,94.64318343467555,20.137651807726144
43392773.763,2026-09-28,128.35286075577733,153.09898568426382,95.18372129506504,93.60426106431319,21.46058930008033
43392873.819,2026-09-28,127.38225420144559,157.7016678783035,97.04315848799713,94.72515419030532,22.379377047827937
43392973.874,2026-09-28,124.00377680254677,156.84247222116966,100.2383425179701,93.99960964261192,23.51811439611988
43393073.930,2026-09-28,128.06957119869745,161.8883615783322,98.41282049501164,94.34832033205822,23.50915912207623
43393173.986,2026-09-28,126.69913120700559,154.9021844460361,98.13272105419557,94.18272853004372,21.482736261917356
43393274.041,2026-09-28,128.277207137673,160.1102995821658,96.73527069527616,93.60211686336119,20.682006980974883
43393374.097,2026-09-28,121.72000982424485,158.70086783609406,97.23905961743309,92.00924872697263,23.369462314664737
43393474.152,2026-09-28,128.36679653180317,165.51422128343924,97.75163402080655,94.3660481325661,21.0085653653799
43393574.208,2026-09-28,123.55720965578075,158.91825287425021,96.91575859095238,94.68641755395875,22.68747004481262
43393674.263,2026-09-28,125.15342488366461,153.9973329769428,96.50847040649047,92.94940974964955,21.7364625307088
43393774.319,2026-09-28,128.97042445202226,158.70014408062062,95.96174372756883,93.99850293673823,22.964664524076536
43393874.375,2026-09-28,128.45345591118598,156.23462698017647,95.71263282635243,94.10844089360462,20.89858522908952
43393974.430,2026-09-28,124.43984757625849,153.8224277352439,95.21350225471808,94.8092084309979,21.763315654687464
43394074.486,2026-09-28,129.6303968657681,158.22563109393636,94.22115527944882,94.11311236984025,23.76461777752353
43394174.541,2026-09-28,127.0924172626501,162.28086673408671,97.62844431486783,93.76082497316469,23.529700671931458
43394274.597,2026-09-28,125.36480426463427,154.1193653594429,95.40234938694906,93.87626066501163,22.296348724611338
43394374.653,2026-09-28,133.19536760515743,160.38142201456589,98.96548423520433,93.9611980610676,23.227160952533808
43394474.708,2026-09-28,128.85645002652697,154.55303816653853,97.46756153926171,93.97208998775005,20.95023518163827
43394574.764,2026-09-28,122.98534976876284,155.9503702287089,96.7258457364506,93.61149306021467,20.559218213469844
43394674.819,2026-09-28,126.58125579090206,161.44284774539733,97.229852342565,93.36825146500942,20.861742914542436
43394774.875,2026-09-28,125.02388433065288,160.74019988109623,96.01352878033576,94.25038910965195,21.68949439350384
43394874.931,2026-09-28,131.43861382341697,158.5891627321487,98.93020826569439,94.0040571350577,22.03722004508722
43394974.986,2026-09-28,125.74522912354075,154.81753433043323,95.36512112119375,95.23058670987852,22.07081086138452
43395075.042,2026-09-28,125.99990204073887,154.47885631592538,98.16307911339729,94.43965308191827,22.34581028936832
43395175.097,2026-09-28,126.41142599950302,150.7525625550448,97.42709858082212,93.34150931438349,22.20809520938519
43395275.153,2026-09-28,127.53898303557945,160.64764759123122,98.14720720106207,94.17628660400229,20.16561308450553
43395375.208,2026-09-28,125.5480357912096,158.93750751518536,101.3419371023968,94.74766608513342,22.43865992564957
43395475.264,2026-09-28,126.56218416726422,157.49595743511236,99.19234847465015,94.3774126234939,21.204794267818748
43395575.320,2026-09-28,125.81957173033638,155.0003365014384,98.636622761305,93.72916767036708,21.90558213114637
43395675.375,2026-09-28,123.68628516026682,157.78068450336067,96.71127470441502,94.00307325095191,23.136432903693375
43395775.431,2026-09-28,124.74655321155436,153.69688421282476,95.47133729222121,93.88326991513799,22.745821017006524
43395875.486,2026-09-28,123.9164920355082,159.28611526611903,97.29727328213414,92.79902616765128,22.841883058118064
43395975.542,2026-09-28,126.62238795503333,152.45966873687655,101.46779289738326,93.54770383557802,21.875015737389234
43396075.598,2026-09-28,125.2592990677379,156.28150251313494,98.5907403363034,93.67559348146301,22.480068867690477
43396175.653,2026-09-28,125.52899270472263,162.7657659056813,97.07015926038274,94.28044115526706,23.564006746441923
43396275.709,2026-09-28,124.96095143740061,166.48283840630694,98.43218361440863,93.64629755065188,22.796605115395817
43396375.764,2026-09-28,122.45925443130564,159.91466619474573,98.98457344870383,94.39435912266339,21.647453105240725
43396475.820,2026-09-28,124.52226329695115,155.6982286579298,96.28712617593285,94.25958130227463,24.151965650798083
43396575.875,2026-09-28,126.34512924745488,157.66726325813957,97.0342710916209,93.52742234610213,23.279388709808956
43396675.931,2026-09-28,126.37253381378555,153.9468827684921,96.70778500789518,94.27421554244727,23.191330741343766
43396775.987,2026-09-28,128.68703913195074,158.59520208749143,96.58295438767945,93.90947992932777,22.63336066008509
43396876.042,2026-09-28,124.86773909614813,154.64748068754747,100.26856553269742,94.30419398316413,22.09058693518248
43396976.098,2026-09-28,123.5314702857141,160.42383053476271,96.69924222730239,94.55690298230012,23.548561981241722
43397076.153,2026-09-28,124.213223474798,156.91241817260467,96.40612644977286,93.1830811673053,21.11515128929031
43397176.209,2026-09-28,128.57403147646318,156.7040803363502,99.82651307294103,93.893388749351,20.890076362608152
43397276.265,2026-09-28,127.36969606705509,153.5755090799876,96.9025171238936,94.13820651714293,21.036745369850152
43397376.320,2026-09-28,124.95855293269759,153.1626271399443,95.37948235516674,94.09673606527149,22.411703144281134
43397476.376,2026-09-28,126.83106868281583,154.03210097425617,98.86572436810827,94.38091981256136,22.886222900339625
43397576.431,2026-09-28,125.23394693519347,160.32088660305334,95.95178187876283,93.5072358731778,23.090268084186754
43397676.487,2026-09-28,126.31978427973274,156.22063390571972,97.84076567609253,94.09379572296079,21.656478936342342
43397776.543,2026-09-28,124.8962014043625,163.53608102693673,99.61561316752429,93.84936933589111,22.08812135757953
43397876.598,2026-09-28,124.60288009846369,159.78445436641024,99.31179498067743,93.27212980440113,21.808212553984372
43397976.654,2026-09-28,124.74346251644761,153.62224385193528,99.83663119809248,94.54117034985244,22.395607943687697
43398076.709,2026-09-28,125.19314811650776,157.73456670463025,92.97494538173241,93.7369946903639,22.86974877943222
43398176.765,2026-09-28,123.13749942594532,160.8020950471272,97.67660109498172,93.93763269109287,23.994262790613604
43398276.820,2026-09-28,125.09227884365711,162.0670016043137,96.28080298009198,93.8805526707345,23.3772838844149
43398376.876,2026-09-28,125.05934807799864,155.8786374543412,93.48389595780439,94.30416859071673,23.114352126087038
43398476.932,2026-09-28,119.70111894180894,155.1537999949462,97.57502463136413,94.78788012798888,21.24652790591843
43398576.987,2026-09-28,123.76050801627164,157.26158760813902,96.325808533671,94.20980613400401,20.710052490075483
43398677.043,2026-09-28,124.0443809268908,159.9035621885588,93.97971982314654,93.61795755279768,22.55930366252745
43398777.098,2026-09-28,120.78931660055825,156.74196413333584,100.72511963910429,93.90633765165387,21.414962600932448
43398877.154,2026-09-28,125.39656525516635,156.42400335397744,96.41002005023068,93.9027150902363,22.543609462956432
43398977.210,2026-09-28,121.24534769397958,154.77985012110014,104.00085112216588,93.97238164850279,19.777436821495044
43399077.265,2026-09-28,126.83174226148734,157.5780894001467,98.16064879037097,93.86895281125715,22.3945586660922
43399177.321,2026-09-28,122.67397400437628,157.63872655577174,100.59118622740068,94.51742479613816,21.434106475566903
43399277.376,2026-09-28,125.73955724873572,152.93772038147242,98.72753929483957,93.28367169241952,23.299250478851405
43399377.432,2026-09-28,126.7785516174906,150.1523020461286,97.72232404188482,93.86663909485624,22.169631310848434
43399477.487,2026-09-28,122.29320780044714,153.74395176737013,95.5480805069829,93.34411141209618,23.215422366756428
43399577.543,2026-09-28,124.2578987367764,155.02186338474547,101.34976008581933,94.49922553587714,23.212506909582753
43399677.599,2026-09-28,126.54853440891465,156.7720390851118,97.90959507018813,94.22786062708062,21.99392317653675
43399777.654,2026-09-28,119.92591682181039,158.088197450698,100.20770225187073,93.0839820697752,22.332153044450067
43399877.710,2026-09-28,121.70929413510744,157.77148645829638,93.50371057581015,94.80053253981586,20.649953319422796
43399977.765,2026-09-28,123.93009218938116,160.9250626990365,97.46912422019403,93.68932346598358,22.201868205721183
43400077.821,2026-09-28,124.54256731249444,160.58294330778782,93.8059203233692,93.561766023693,23.291224506724678
43400177.877,2026-09-28,121.74343125172686,156.8729435842112,95.55031169927527,94.06693551029616,22.053132130815868
43400277.932,2026-09-28,125.09270521355646,155.90993199119467,99.80702887591737,94.26350709220202,21.928181134698853
43400377.988,2026-09-28,123.03974358041927,158.95038583288007,98.78539634226217,94.7187611656197,22.315997627061503
43400478.043,2026-09-28,121.65942570752502,157.98820659680422,98.14816216312992,94.38917185415949,21.453849476749067
43400578.099,2026-09-28,125.32572601171618,152.98229918147314,94.91848138471364,94.21299326333533,21.597087870622968
43400678.155,2026-09-28,122.41311422438476,157.94431297366168,100.64329301621974,94.32782066724965,21.981580177517284
43400778.210,2026-09-28,125.53830060180658,156.55119635953804,97.50250172354862,93.3765209161256,20.961051814456173
43400878.266,2026-09-28,123.5659250110046,155.51245549000782,98.33326027061783,94.46600743358474,23.13339930357591
43400978.321,2026-09-28,123.24030961468202,162.70249084866987,98.15918356112427,93.80312102212493,21.96913511113335
43401078.377,2026-09-28,124.862613184964,160.16142893071117,99.40950610452953,94.04824994811656,23.49477018523842
43401178.432,2026-09-28,123.04130397961521,155.80383884191008,101.30534550862536,94.24075672779455,22.711861706295497
43401278.488,2026-09-28,122.82327504798779,158.14626643646116,96.23815785719731,93.75861690503287,22.059940078753193
43401378.544,2026-09-28,126.97873292620518,152.69499962731223,96.41602417325923,94.22484760012487,19.83872846069996
43401478.599,2026-09-28,121.7583313876107,152.9871062383947,99.26787414952744,94.46550266605222,21.732973164147833
43401578.655,2026-09-28,121.26406185640062,155.38713292388766,93.42651096353121,93.8562479838802,21.782286463717007
43401678.710,2026-09-28,123.4145232385528,161.81223002947903,98.8349831545872,93.8002907879713,23.244004455440393
43401778.766,2026-09-28,125.90347659637213,161.36444917376252,97.26605009699975,94.137715205591,21.044629914950814
43401878.822,2026-09-28,124.54312907093814,156.12470980265732,97.08381408260861,93.50795753906097,21.519475156402233
43401978.877,2026-09-28,126.09804980302982,151.43231823625547,94.24142492191797,94.49006301224478,20.44368070882122
43402078.933,2026-09-28,124.70755932568488,154.89541288073164,97.68817782854508,94.08245403731927,22.50567824248419
43402178.988,2026-09-28,127.47691063731483,159.37140556473238,97.17726714449938,93.20689697735828,21.805675989107677
43402279.044,2026-09-28,124.08524965845523,150.2988311376465,96.49716967316438,94.20880808773954,23.731737268864535
43402379.099,2026-09-28,126.8587631262588,159.00249506635487,99.09154515418794,94.09266138485808,21.152596848221155
43402479.155,2026-09-28,124.67535206896787,154.74935566063698,96.21196114649727,93.86115430911715,23.77792661508667
43402579.211,2026-09-28,121.674841322124,157.7931009472952,98.13046657566161,93.71389459420867,22.027680199507447
43402679.266,2026-09-28,126.11503398869591,154.14122576878788,99.72238985973225,94.76632683966223,22.054839236445627
43402779.322,2026-09-28,125.56205748861753,152.73385983761895,100.39363231439332,93.6766845020186,21.86370800783137
43402879.377,2026-09-28,126.32808721079248,156.48559520828985,102.77720895034632,94.37513875121606,22.24362431751954
43402979.433,2026-09-28,120.17641520919761,149.18470677061106,97.4062375822538,93.74727074596905,22.442709059905628
43403079.489,2026-09-28,119.84389354429786,159.86539598321943,96.32266243106186,94.14910543621669,20.8714008800965
43403179.544,2026-09-28,124.89968496184562,155.5686310136846,98.87876372354366,93.32395035959512,21.7915569990615
43403279.600,2026-09-28,121.19414424793176,156.27668515222476,95.51210119002862,93.75251195099702,21.972417983601147
43403379.655,2026-09-28,121.29039632854266,150.59086260971938,96.33296277240132,93.38140081371273,22.2231684372879
43403479.711,2026-09-28,124.91378368409893,156.15557822002876,93.6635088789644,93.73459259253481,23.128985744000925
43403579.767,2026-09-28,124.19087529308314,154.8906201866451,95.8530611891061,93.50183767728578,22.409570532632138
43403679.822,2026-09-28,122.79644847744149,153.51500890383105,96.88082698328758,93.57359795405213,23.342292910718506
43403779.878,2026-09-28,120.11088251734829,155.1600378134823,97.40878602129838,93.63647427099501,23.70511809356917
43403879.933,2026-09-28,124.45772295838172,152.4339841256036,98.53019540827655,93.63020090364606,21.942727318822413
43403979.989,2026-09-28,120.61534357513332,155.20910804435778,99.79942885744211,92.94504841673862,22.83893566443013
43404080.044,2026-09-28,120.23636026736433,157.38044085918946,97.67916396657849,93.96161591013392,21.36062566186688
43404180.100,2026-09-28,119.96149748464377,153.904372190925,94.1033566910475,94.17986305740418,23.825332842129036
43404280.156,2026-09-28,122.81960470928718,156.60262467900392,97.24133636724883,93.78015725622033,21.827522812858426
43404380.211,2026-09-28,122.07266425859615,159.22637052971663,99.50642613373478,94.48093210307604,24.14498071733054
43404480.267,2026-09-28,118.43016087041988,152.6729491951587,96.93141387179607,94.42022274910383,22.656878409936215
43404580.322,2026-09-28,123.42061978161223,157.63763127255487,96.14289607179626,93.96718349059276,20.549035855765293
43404680.378,2026-09-28,124.0490058821648,155.04110465656305,93.42822063448858,93.49418888926907,24.383674727264587
43404780.434,2026-09-28,124.62131497799199,152.0200191433303,95.40104637869248,94.10161534176636,20.824586039445638
43404880.489,2026-09-28,127.32056278498668,159.3019448330274,95.79821459260555,93.91823177263126,21.492545954546827
43404980.545,2026-09-28,123.99899796492767,152.36467410253306,94.14131374109549,93.818306995485,22.032214827745975
43405080.600,2026-09-28,118.7223382577261,156.39656788652923,95.03701170822643,94.04898357111028,22.55615728061542
43405180.656,2026-09-28,123.0060004576419,157.9312930285967,98.92906085127623,94.28886318207194,23.93711691736844
43405280.712,2026-09-28,123.36423854090056,154.97081182515282,94.93379206324903,93.64646378914084,21.39917636236256
43405380.767,2026-09-28,121.78827992186199,154.14405058096833,96.26855010771749,94.22261229886577,22.215131062604776
43405480.823,2026-09-28,124.76626368493332,158.10287558093512,96.08808214044227,93.81404539850374,22.201265161357192
43405580.878,2026-09-28,124.32003367727962,158.4786917817386,97.94032664652319,92.67404199677176,21.12387672409983
43405680.934,2026-09-28,123.14409553359162,152.32029279477842,97.79803043879818,94.67947206446708,21.890878961874442
43405780.989,2026-09-28,121.88001981952917,157.95676481249376,96.62322191572456,94.01857552099965,21.644018207916016
43405881.045,2026-09-28,121.5697450443587,149.1848805456824,97.00269494100793,94.11619695304499,20.890159535926877
43405981.101,2026-09-28,120.71728417482889,158.68557643729147,96.81024135790474,93.76836035787228,22.11016609522735
43406081.156,2026-09-28,120.10098850293207,157.5879845726075,96.38629534378433,93.75153086444824,21.196431249105263
43406181.212,2026-09-28,122.40837567704276,152.66627957194515,95.21657943602784,93.83987254688567,21.734590546453287
43406281.267,2026-09-28,123.90279956435653,155.8899713579436,97.69101548663615,94.88983141083497,22.718032012077916
43406381.323,2026-09-28,124.60207514519153,159.40874710408016,99.358881276668,94.1989994350151,21.626042019018048
43406481.379,2026-09-28,121.13825562268798,158.7268567536403,96.87571477377612,94.02243301270175,22.326209487388116
43406581.434,2026-09-28,121.2244258319413,155.69523165078243,95.7880695665522,94.18655629558519,21.688317727514487
43406681.490,2026-09-28,125.24354134368517,151.91929483971754,97.14631387281942,94.15151962568102,20.84593448793127
43406781.545,2026-09-28,118.47863112801795,154.91923721904342,96.85557447942433,94.42551327655723,22.71791796059774
43406881.601,2026-09-28,120.49185371387091,152.6010958761652,98.35410419810349,93.89650964693985,19.55515124205206
43406981.656,2026-09-28,122.99288855335715,156.87512149038986,96.23545015155614,93.91667572906202,20.690709337887142
43407081.712,2026-09-28,120.89978275933782,156.20601899178263,93.98727668183287,93.95797219707624,21.934271622946667
43407181.768,2026-09-28,123.02715059121996,149.84676328446986,94.45393986845838,94.22562184316962,22.4015846923832
43407281.823,2026-09-28,122.68463986723141,159.52466717012695,95.99118477684353,93.99417127455601,19.93799261740545
43407381.879,2026-09-28,119.66641219126159,156.56115680917796,98.32990465273653,94.33074468702168,21.35571323464601
43407481.934,2026-09-28,121.5370111645179,154.64712496243857,98.28058274300723,93.95904889276144,22.20216739519349
43407581.990,2026-09-28,121.58631766571654,153.6223826709319,92.97105277270641,94.05794482034533,23.100310820324946
43407682.046,2026-09-28,119.7177036408344,155.93568825868044,95.13496569527193,94.44220181551222,22.060504307945205
43407782.101,2026-09-28,124.12530348028727,147.3885359987475,97.78607675703695,93.03405582359734,22.089807041111282
43407882.157,2026-09-28,119.4460527464761,154.59184696663146,97.05925734877708,94.58644864325187,21.26523124390936
43407982.212,2026-09-28,120.60767365040817,152.71052609462004,96.2958660551968,94.04292987027307,21.236675387164304
43408082.268,2026-09-28,118.64879525003272,151.95510966106735,98.62656764126397,94.15313551125278,21.223827303262755
43408182.324,2026-09-28,121.84225282594457,156.12828277823945,98.5654733724557,94.19897298347138,22.223581549350826
43408282.379,2026-09-28,120.14935734113868,151.63249177645582,95.90434247976161,93.47868909143962,23.574011608250657
43408382.435,2026-09-28,118.88549951229902,149.7571986629283,98.37685032422364,93.91640587309462,21.747267984645568
43408482.490,2026-09-28,121.78003823185833,149.04774413253418,94.57841892375788,94.05144815284707,20.48740382843859
43408582.546,2026-09-28,122.07743413068127,153.63830472214715,100.84954387940924,94.73509436906703,22.294019532323883
43408682.601,2026-09-28,122.53908138249926,155.0913298971687,93.77400693950823,94.18073795163934,23.50245465462672
43408782.657,2026-09-28,119.21172166719582,153.95629814632355,98.01522765198708,94.44421143100391,21.465676459862426
43408882.713,2026-09-28,117.83342435564184,152.56273634527477,98.65455267219745,93.49923794100114,22.889932658106478
43408982.768,2026-09-28,123.55021835325505,152.48241964663924,98.13915211586036,95.05118553689661,21.059019979308385
43409082.824,2026-09-28,121.65562730466551,154.03597113222884,93.5682298742997,93.52880370464653,21.258589454326227
43409182.879,2026-09-28,118.75141821736445,157.1633143163047,101.39414618164894,93.76678269903744,21.89969631613532
43409282.935,2026-09-28,117.62977099815562,157.10018139972308,96.17178894242426,94.05467589993209,21.093983935604573
43409382.991,2026-09-28,120.54806946904961,161.4853812015555,94.09661287112613,93.7263044768637,21.180321902288707
43409483.046,2026-09-28,118.74507457393844,156.23413268111864,93.63400388941041,93.80397387088911,21.35091928948676
43409583.102,2026-09-28,119.89474632585502,155.0895961003225,95.77471662844259,94.00918309429176,22.604740536460135
43409683.157,2026-09-28,118.8986012794794,154.34174131383153,94.9965663055008,93.5915203266321,23.5075774643094
43409783.213,2026-09-28,119.12466493956944,151.62061100345025,94.77624855703488,94.30703095620866,21.375383237312473
43409883.268,2026-09-28,121.59217709623086,154.31754405473438,97.02743674909377,93.05985219437093,22.83029380347296
43409983.324,2026-09-28,120.09559433855138,156.18469588128067,92.94262727210909,93.9136447079844,23.86484246946651
43410083.380,2026-09-28,116.63009955993238,153.2843731288159,99.76469118183834,93.79659889418812,22.344183878075526
43410183.435,2026-09-28,119.5569796111543,155.58136824783878,93.53697404882996,95.2754297266549,22.829205030166207
43410283.491,2026-09-28,118.34602565013813,155.3846779441426,95.48054832809082,93.12168328525297,22.250567695461065
43410383.546,2026-09-28,118.36706230688581,157.43357653582282,91.75384777397623,94.82312682887076,22.126886611638945
43410483.602,2026-09-28,118.25115918410572,154.42651067269063,99.57892371505403,94.18122015320324,22.95343015220356
43410583.658,2026-09-28,121.18065035718432,157.2544634519475,96.09475817955641,93.79138027574795,23.56108410141709
43410683.713,2026-09-28,119.13892139561523,153.79395823736144,100.04902933067872,93.19566328934715,20.907446831039827
43410783.769,2026-09-28,117.30067021243576,150.67217289545863,98.37594430645343,93.51273763464418,22.92826377541417
43410883.824,2026-09-28,121.6541240262892,153.25733004873769,96.22731089916803,92.86793013750093,21.73069976361174
43410983.880,2026-09-28,121.84210513381588,157.8032142524677,96.39174889991978,94.75312177455807,22.154157495664318
43411083.936,2026-09-28,122.06590285249293,151.00044900437663,93.44160600837174,93.8959303751053,22.400534675218676
43411183.991,2026-09-28,120.80488100481072,147.9309251798912,93.80274185711879,93.66155992697156,21.71077497331386
43411284.047,2026-09-28,121.15100860724772,153.2298431827567,97.71766736043664,93.34556473298412,22.645519950424116
43411384.102,2026-09-28,117.97022713358058,151.5749738274954,100.79339072716071,93.8817927443637,24.168758240390996
43411484.158,2026-09-28,119.00796912487311,157.52430346734107,98.98567252037437,93.47773996712995,20.552438822173823
43411584.213,2026-09-28,123.5758477761384,153.19802903507332,100.11689873983633,93.55227746503013,21.644561311633062
43411684.269,2026-09-28,120.84280035373965,155.27142341238874,97.42672117945135,93.05400581965175,21.260838442161752
43411784.325,2026-09-28,120.93170448872328,152.58356148420447,96.15902728811186,94.53715164406698,21.676872524794824
43411884.380,2026-09-28,115.61069538933467,151.87951479754926,95.12827464873645,93.90915738642761,22.466190008991
43411984.436,2026-09-28,119.2846488855149,155.44336377119316,98.65882258205815,93.99610562957388,21.977080908840275
43412084.491,2026-09-28,117.45649436178331,153.24170286983983,97.4654528954862,94.00997372361121,21.969224128487106
43412184.547,2026-09-28,123.0055521521762,150.835934657371,97.90966422021465,94.92593776148654,21.577506123548773
43412284.603,2026-09-28,122.02719661102581,157.8277052878879,98.43605975138057,94.50835426658274,23.44318532897728
43412384.658,2026-09-28,118.19199619059751,154.76366034404205,98.18397893927184,94.24284620976104,20.873908863531256
43412484.714,2026-09-28,119.70320206818606,156.21564299968202,99.06893133382559,93.6389235099148,23.62151957258869
43412584.769,2026-09-28,118.19258274953859,156.05616525944444,96.89423873842338,93.04787459346375,21.192909441158328
43412684.825,2026-09-28,119.82153549012186,148.73438416023308,94.59342640195123,94.527346652563,21.614716293748824
43412784.880,2026-09-28,118.01689829733122,152.22601968340854,98.87806256796495,93.73015602057055,24.349281243673424
43412884.936,2026-09-28,121.29335003555016,150.74416319223064,98.33362081508741,93.83048095219203,21.199513138607067
43412984.992,2026-09-28,118.55910027872386,151.87341234222131,98.423460517028,94.8451367138234,22.575142867905065
43413085.047,2026-09-28,120.32938291691478,155.01186610325823,100.35088373922548,92.70935392582551,23.03364922725527
43413185.103,2026-09-28,117.75172427745956,150.43347843436183,94.59469998677119,93.72811123083724,21.47655497039606
43413285.158,2026-09-28,119.96861538882999,151.37619605903006,96.56586643374735,93.68063752191102,21.92607563869507
43413385.214,2026-09-28,119.91095960098902,152.81941526798218,96.77113865919014,93.92577254153304,22.187287664149917
43413485.270,2026-09-28,119.73829576325187,149.74184952925245,97.15593528096643,94.4965148846627,22.472537534647945
43413585.325,2026-09-28,121.80518218631495,152.25537608342057,99.73504917066161,94.26921247498495,21.755110014498435
43413685.381,2026-09-28,121.98268265489565,153.3263743667006,97.58832523881658,94.45745981194915,22.37028959040817
43413785.436,2026-09-28,118.63588543974463,158.02042703090794,98.17669932776211,94.03424648065912,22.950757603119754
43413885.492,2026-09-28,118.98209695757433,151.32720293618968,96.5970718348607,94.07053418399667,21.460897387932565
43413985.548,2026-09-28,116.6877213418206,150.87988872636777,94.11642719816963,94.10434129845353,23.018701626840098
43414085.603,2026-09-28,121.38219523136146,152.416221898325,96.6923243107527,94.73581215313112,21.094753839729194
43414185.659,2026-09-28,120.03626425353595,152.77820184107756,98.07625540497847,93.18672244529705,21.864596841967607
43414285.714,2026-09-28,117.19276275923282,147.4320658281641,98.81137187446076,94.05047007428824,21.565472562125578
43414385.770,2026-09-28,119.11617179950245,152.33834404119384,98.15080700010283,93.6402237914375,19.79614923522041
43414485.825,2026-09-28,117.29728485075579,148.35053080074115,95.7100564640714,94.51090308715975,22.859583908390032
43414585.881,2026-09-28,119.94053211847663,151.1112892497834,95.03989163094388,94.54289504642553,22.347401547169028
43414685.937,2026-09-28,120.90959675875908,150.09839689397694,90.21645032270474,94.2133479590285,21.808244843111897
43414785.992,2026-09-28,116.47362871987622,153.08365417816265,96.07966022248753,94.39892511658276,22.34791687861977
43414886.048,2026-09-28,116.82949828649991,152.36501303072163,94.42152782009119,94.12591059722594,22.187972234644338
43414986.103,2026-09-28,122.15392230793596,149.88850720287437,96.56170097535161,93.8222630719074,22.692907569455585
43415086.159,2026-09-28,116.28330948710354,151.83128911889588,96.11317561059433,93.55759675132137,21.624114879588657
43415186.215,2026-09-28,120.38934159937905,148.01564774644646,94.90188843797503,94.47842706268804,21.01245886776829
43415286.270,2026-09-28,122.15963466197263,148.71071193765243,93.86552132746395,94.1073214182333,23.955610903781967
43415386.326,2026-09-28,121.95405067742288,149.4594870185446,94.5068179737664,93.75021769624037,22.573066686344735
43415486.381,2026-09-28,119.16261547700091,149.51266816541914,95.30701010775154,94.42412162346407,22.477985624373353
43415586.437,2026-09-28,119.81994790104281,155.50107278653553,98.68964597873871,94.90241550760577,22.404776438513988
43415686.492,2026-09-28,115.43051256166376,151.8533435589732,96.29769143916988,93.18723740814505,20.103113090360466
43415786.548,2026-09-28,116.04967655704037,147.2931171066652,98.04796855416679,94.16981405795113,20.94169544154139
43415886.604,2026-09-28,117.01105182379403,153.52973308210665,93.87526828191211,93.6757774068641,22.422983514798847
43415986.659,2026-09-28,117.43917980132629,152.58775721981513,96.28350180951537,93.29559719403915,21.502999321268437
43416086.715,2026-09-28,120.54533092207755,146.83074374578828,93.18757859787499,93.76453469542606,22.639915111379537
43416186.770,2026-09-28,121.63790413922159,155.969843344024,96.9779546140929,93.9272750390265,21.57139581329935
43416286.826,2026-09-28,121.10741830564181,148.86946284493175,95.45035654235798,92.89321020964984,24.02507308126061
43416386.882,2026-09-28,120.31564486624029,154.62700466577,94.90142791576893,93.7929640137997,21.685572914580156
43416486.937,2026-09-28,118.94877055930841,151.16936895283112,99.43929915668498,94.19710602127407,22.056240313841048
43416586.993,2026-09-28,116.68414808771271,146.63040296682357,98.40261023801595,94.05267736220408,21.614976702115072
43416687.048,2026-09-28,118.04574204728132,149.43970958378966,99.04247535729337,93.99347644632819,22.102120372087946
43416787.104,2026-09-28,116.70698587084671,155.97806444387786,93.55930781579661,93.68649929998502,21.12105515343652
43416887.160,2026-09-28,121.6673477922518,154.13907582748493,100.85105017257519,94.17629585800826,21.898468070412697
43416987.215,2026-09-28,120.75477199521151,155.8043553498609,96.40899526205406,94.6986742092269,21.373627522393363
43417087.271,2026-09-28,117.98560214225122,152.99839939200214,95.19962123874767,94.07521582798017,22.822602469542943
43417187.326,2026-09-28,116.98996475298982,144.20170681448914,93.32637456143466,93.49700731018211,21.556702292539725
43417287.382,2026-09-28,119.77367812823982,153.91359255468294,94.96009421904353,94.27924620960395,21.32383128149069
43417387.437,2026-09-28,119.22282267048432,148.9226757853937,96.48591655777597,93.70581407060008,21.675206162228474
43417487.493,2026-09-28,119.379933528688,148.567464643816,99.36264588792521,93.74216252176072,20.271868113963
43417587.549,2026-09-28,120.31071245531133,150.36363378213707,97.24622997726108,93.48941513209272,23.179463608238137
43417687.604,2026-09-28,114.56175043755877,142.16603959698867,95.92651663582818,94.38103967057447,19.844543362971866
43417787.660,2026-09-28,118.06081489172661,154.2004127848535,95.86497267626577,93.79999511593438,20.93212133345008
43417887.715,2026-09-28,116.52610828898433,146.4086975971548,97.30314634044746,93.86727966370798,24.83795234327693
43417987.771,2026-09-28,117.92966093257265,151.8453125313108,96.59553048882506,93.5578382420046,20.882533649181063
43418087.827,2026-09-28,116.7579730366428,149.568665310519,93.95038427591685,94.76789849127105,20.636019800445556
43418187.882,2026-09-28,117.42085647823889,153.19178324037844,93.99669910543976,93.52707810632751,22.745930075198974
43418287.938,2026-09-28,117.00733745130479,153.4513277138408,98.66867466747345,92.55265724106917,20.430256302852207
43418387.993,2026-09-28,120.32456814908907,150.9115627539458,98.27836236168756,94.8606934907963,21.57814971093615
43418488.049,2026-09-28,117.79326561120492,148.7221140904364,92.69746789580675,93.6985217756272,21.35836362253786
43418588.105,2026-09-28,121.51501065877348,147.38812020273096,96.70859088596947,93.68488391784274,22.471420580988504
43418688.160,2026-09-28,118.83890233061125,151.536769460702,97.61756823566684,94.36596667857559,22.82760589571223
43418788.216,2026-09-28,118.29434599291422,146.39179257471085,91.0454520332745,94.27614817500164,22.97917743770015
43418888.271,2026-09-28,119.83889148217803,148.05896140748916,94.99496132493717,94.01612909641503,20.021808455770756
43418988.327,2026-09-28,113.39879461643102,148.67992720691475,95.36783446222877,94.73072007317097,20.802828772081458
43419088.382,2026-09-28,114.25423335113635,149.168782196988,92.94463752407572,94.31572429797507,21.160919325057325
43419188.438,2026-09-28,117.84064540259284,149.095279036125,96.24220261167227,93.78781257889528,23.153405988033352
43419288.494,2026-09-28,116.08780600966904,150.4400427074545,97.68230370676595,93.91443498190054,22.464862588617017
43419388.549,2026-09-28,115.80818472174944,147.73377205310712,97.32679307154562,94.55610473781591,21.173214383365973
43419488.605,2026-09-28,118.04974286559771,151.02858666614844,93.62588502559626,94.1847138525995,22.763394903616096
43419588.660,2026-09-28,118.21635980711275,149.03420209061926,95.14598025167432,93.78663100803448,22.847376429916874
43419688.716,2026-09-28,113.5270147485133,149.45800101137445,93.0241470067668,94.43256586948742,20.735318341833032
43419788.772,2026-09-28,113.76542895930312,149.7262486214568,96.57517484351325,95.42567699078162,22.7810025574333
43419888.827,2026-09-28,120.66457006811716,148.54666561684016,98.66111086692679,94.20964904071266,21.95927868546159
43419988.883,2026-09-28,115.31966461116691,151.93260969028773,95.73141597230662,93.74568645607252,22.573953589145194
43420088.938,2026-09-28,115.30359377376115,150.02023257449383,98.05404145913528,93.67669406282971,23.19900225015485
43420188.994,2026-09-28,118.79108976595856,150.11458056507234,91.46124843583311,93.99645651765572,22.808541524894515
43420289.049,2026-09-28,115.91106386608547,148.59150382544223,96.39413771046995,94.60098259565491,20.40825719653257
43420389.105,2026-09-28,118.61516148337618,149.09324670286102,93.90317250551031,93.3963342133209,21.741953735908446
43420489.161,2026-09-28,116.47471296314609,144.13518515572892,94.84353414838594,93.25666344505215,22.600919057186655
43420589.216,2026-09-28,117.89079025568849,148.4462498401173,95.06610001691375,94.52082706834108,21.662433084134822
43420689.272,2026-09-28,116.96181020945006,148.78607440286657,93.84463434657243,93.8468897030755,21.56791073138838
43420789.327,2026-09-28,119.03926292934008,149.58929086954458,96.548459477316,94.35692829951361,20.284215845784978
43420889.383,2026-09-28,117.12284317373395,149.47768853188933,96.86436208659099,94.1177312029678,21.304653354379454
43420989.439,2026-09-28,116.81734713904655,151.28767272773297,97.43667830168961,94.88958729388297,19.865723381814483
43421089.494,2026-09-28,116.55880081954156,150.64761444953206,96.09940631863277,93.48065872573875,23.53190278583142
43421189.550,2026-09-28,118.81397497515361,149.89071981230902,97.06041092995237,93.2821582853566,23.215506965641914
43421289.605,2026-09-28,116.10822308106746,149.14573364767728,97.95476053480886,94.52544210692118,22.786952184140127
43421389.661,2026-09-28,114.22738302133558,151.10347970502323,97.85929346209888,94.21541455564592,21.04280802493261
43421489.717,2026-09-28,115.08622470347963,150.61234657062596,91.71799735146284,93.36052546073135,21.312445600985036
43421589.772,2026-09-28,116.09525663377681,153.44908915850735,92.30893014347208,93.91302980248085,23.10658982987024
43421689.828,2026-09-28,118.70585385065311,147.09327610750017,96.81977662683805,93.79462818203251,20.72970452537026
43421789.883,2026-09-28,116.56175603052243,153.57863293420357,100.09847513291606,93.9387347540399,22.374657796810595
43421889.939,2026-09-28,115.0979064585063,152.85292715650976,96.10908038644158,93.54728619874925,21.10637525853511
43421989.994,2026-09-28,115.96951696657862,148.45063337626524,99.47952083986016,94.04855252260003,23.731859461946716
43422090.050,2026-09-28,118.26402874796905,153.43665915034032,98.39905789888478,93.53515571512978,20.833356204223772
43422190.106,2026-09-28,115.18882313933119,145.00807898017337,98.20800074760758,94.60240237007599,22.296420689794292
43422290.161,2026-09-28,116.28253851707693,152.42012993432488,96.63636490330235,94.00812635389693,21.0374450655721
43422390.217,2026-09-28,114.95767807393196,151.79653382896763,94.85787796923854,94.6384402852484,21.835435641553673
43422490.272,2026-09-28,117.05532598517527,146.43622636046783,95.38514146022086,94.19317064612802,22.233404831570983
43422590.328,2026-09-28,113.00849665789626,152.78045252453958,98.2905571197528,93.56753523366639,21.17102975738809
43422690.384,2026-09-28,115.7761460791594,150.1578604999146,96.4581292514306,93.89263902979106,21.0119723825046
43422790.439,2026-09-28,113.59790880304365,149.61509444707266,92.53211818057356,94.15045500092062,21.45753290964215
43422890.495,2026-09-28,114.2439757441772,152.1560938080152,93.70710670084615,93.27760512809871,21.921845457262936
43422990.550,2026-09-28,115.18599833481238,150.26173428124537,95.8295896149376,94.28314604400657,19.64302632505683
43423090.606,2026-09-28,116.19881595382783,154.80413835760163,92.79571155925103,95.36094788530389,22.352723770008957
43423190.661,2026-09-28,115.48628697292831,152.97698754680042,93.08332927780275,93.62014254156725,22.12566276004368
43423290.717,2026-09-28,114.14424646252067,149.8192128495096,96.83611136008409,93.48979373615492,21.19626566136779
43423390.773,2026-09-28,113.84663831082298,150.1949562963852,97.5874311966046,94.58169739699251,20.96792604353694
43423490.828,2026-09-28,115.94432354715846,150.68877317604435,94.92776693428247,93.86615904723568,22.069693382975768
43423590.884,2026-09-28,113.82001478537126,150.23962020599174,95.28531393054628,93.90242323164554,23.048979671214894
43423690.939,2026-09-28,113.24170644074627,153.82800437381238,97.50443830710448,94.38339338233075,20.811716982734584
43423790.995,2026-09-28,110.6239795594901,147.30650608473067,95.58839622057303,94.16588162865722,22.15962088688428
43423891.051,2026-09-28,116.96102254238193,149.9686292909855,98.39442552569999,94.17187756238415,21.662713263789016
43423991.106,2026-09-28,115.02060486409182,149.6039918935435,97.87675061152251,93.47477618110644,23.35927468540223
43424091.162,2026-09-28,117.20569258722153,149.46131165788606,96.43191519316164,93.59636584845911,20.619859333633357
43424191.217,2026-09-28,118.22139602923693,150.86563438846977,97.77756517146126,94.86809511413112,22.016781919798873
43424291.273,2026-09-28,114.41746028103215,147.1425001847314,92.9580685258041,94.10498381714545,19.954186062513458
43424391.329,2026-09-28,116.87612260318154,146.47354267126056,95.71641467680561,94.03341132949016,23.604589571933747
43424491.384,2026-09-28,115.18935187879143,145.2021353356166,95.42816261932605,95.34151309196093,23.79074149102268
43424591.440,2026-09-28,114.24189909025668,148.16750646183783,95.85001742377737,94.1267885679518,21.96681012189779
43424691.495,2026-09-28,113.09819301128988,153.75661090981583,94.37734033656368,93.53452860316312,21.01758884884765
43424791.551,2026-09-28,116.75149794148999,147.335083506462,93.62890153707126,94.36435452170622,22.35611123875709
43424891.606,2026-09-28,116.74949843287814,146.20480991999537,96.09468448718361,93.89629999143743,21.842445680273844
43424991.662,2026-09-28,114.15948305511901,145.87181206786002,95.24316935928921,94.54554500869551,22.64481942666488
43425091.718,2026-09-28,118.80482073365685,155.18432450265556,99.16632440756702,94.3976599126331,21.038762823492952
43425191.773,2026-09-28,117.73217345839905,152.80490143140943,94.17522964881238,94.18185346920563,22.86336488133099
43425291.829,2026-09-28,116.9427617355664,149.154518650974,97.4438895582838,94.65046480464531,23.24297410771124
43425391.884,2026-09-28,115.43467876295372,146.79973630026012,97.63233240840904,94.97723051643189,23.816052112457754
43425491.940,2026-09-28,117.01829525712863,151.1618477968905,93.51090489201596,94.4262148151074,23.4170532492996
43425591.996,2026-09-28,114.69196954468046,146.44491826739053,95.56800063510249,94.32760652893703,22.148076860947427
43425692.051,2026-09-28,114.98850374907137,151.94742317917004,96.56461024667585,93.5843885205238,21.599204200701593
43425792.107,2026-09-28,115.21783059181301,144.31506576206118,98.94380898230048,93.45868656035097,19.954667875186328
43425892.162,2026-09-28,116.67538973464163,151.77877922323384,98.08792002726229,94.6072229716538,20.72096077874092
43425992.218,2026-09-28,114.30077029246067,148.84941262855799,96.31819355697387,94.12824707023164,21.294790131301664
43426092.273,2026-09-28,113.00875113484886,149.70781669008431,95.8274966228281,94.09063401900286,22.08743241998672
43426192.329,2026-09-28,114.61156574350126,146.36241846747222,97.23628156284843,93.9023420114927,22.86577835631838
43426292.385,2026-09-28,116.21398260317997,150.7148073060446,91.2271477606831,94.14470371355264,22.214579247696925
43426392.440,2026-09-28,111.82720175637418,150.51147072392016,95.66802263776322,93.53027237200473,22.295421977238775
43426492.496,2026-09-28,114.74626363488824,153.69735197106058,96.90981746800657,93.59214661982747,21.633652430127253
43426592.551,2026-09-28,111.06512988911969,152.19068865075454,94.40989521686197,93.82269412507556,21.913416453460883
43426692.607,2026-09-28,115.53104052576792,144.89397298601077,97.87787935648424,93.71185342484446,21.722219152159525
43426792.663,2026-09-28,114.0153775064464,150.77742690999577,98.67909425278125,92.60320786170105,21.938223404283494
43426892.718,2026-09-28,113.53463190040327,147.54408864359485,95.41823363996012,93.5746385532153,23.727413007217
43426992.774,2026-09-28,110.57755332623647,141.96878708259496,97.05097198997979,93.28259975130476,21.857351134913774
43427092.829,2026-09-28,114.87109776560841,150.17800295602598,93.76719298696985,93.90616035759946,21.90891302501907
43427192.885,2026-09-28,113.13443216126758,146.08204206696087,98.37187137907966,93.25657037111596,22.97005981915144
43427292.941,2026-09-28,116.71797653544122,154.88140855705373,97.10900063007317,94.20403647574946,20.886782486494383
43427392.996,2026-09-28,111.42580784259377,151.96598833873313,92.54974779562473,94.42906384573642,21.614716543311058
43427493.052,2026-09-28,113.77256305447416,150.68863870168425,96.42274652926307,94.12130051896075,22.98690135491588
43427593.107,2026-09-28,116.21363135195531,146.72139525077444,95.14104182215985,93.96374455263364,22.448848734945802
43427693.163,2026-09-28,112.10517169271945,146.16009569977493,95.41230284708908,94.11407000982635,19.739246912233043
43427793.218,2026-09-28,111.09212186504415,144.77382095829188,94.52589965419281,93.7466043564091,22.338578702403044
43427893.274,2026-09-28,112.82495330017701,147.14079634524163,94.57262690131161,93.52154750938014,22.23640231129482
43427993.330,2026-09-28,115.55467551983222,151.0231295011828,96.74341471321164,92.9922560283659,20.803733486208824
43428093.385,2026-09-28,116.46698984624301,149.09271621573205,93.87397989513427,93.33669190011838,21.869361512441365
43428193.441,2026-09-28,116.95871877439444,147.66038290798724,94.96451571384759,94.27354202910571,20.459902557751416
43428293.496,2026-09-28,112.98022271733518,150.59285027026667,94.93448611922949,94.70737234306803,23.051082122326825
43428393.552,2026-09-28,115.04895306244163,147.89273937006342,94.99264048877443,93.13590235917815,21.711315892523857
43428493.608,2026-09-28,113.33641593744926,145.48557679668352,96.57070730324861,93.88087210340345,23.588473227903272
43428593.663,2026-09-28,111.4531412366496,150.92698933543707,95.12039657750964,93.85105390160882,21.762861946119344
43428693.719,2026-09-28,118.69633399770036,144.84854273420305,95.80806924627058,93.48472600183649,21.648814332577746
43428793.774,2026-09-28,113.91528287750127,145.70430890449072,92.84829419504861,94.08619678884065,22.63140137366544
43428893.830,2026-09-28,112.31908835024262,147.83760192661256,99.33712751876,93.92308817224333,20.92983115964223
43428993.885,2026-09-28,113.34655386523276,147.87938186411938,97.22757597143944,93.6980792267699,21.926865496764755
43429093.941,2026-09-28,109.02789107078475,144.72059038679686,95.46485997920163,94.33441199931514,21.84705038009345
43429193.997,2026-09-28,115.57280618232619,149.0423424579801,94.67676353821966,94.10843094826316,21.768270813129533
43429294.052,2026-09-28,112.0767860497079,148.6304516849801,91.86096230612863,94.48179213548124,22.003882448282205
43429394.108,2026-09-28,112.6486743644079,153.3869821150394,94.7515825501209,94.51136898652696,21.237287181802753
43429494.163,2026-09-28,115.81024742527494,149.6628876976707,95.96025734928203,94.71902664423929,22.704474229460363
43429594.219,2026-09-28,117.23529710664603,146.1484718598885,94.53607628534037,94.19746799510182,20.75379759364723
43429694.275,2026-09-28,112.78955062533547,150.08438402741396,95.79527948004514,94.68136098983304,23.38343383716742
43429794.330,2026-09-28,115.16720737659239,147.05453182630222,97.01624858109295,93.73089001658163,21.05745921226363
43429894.386,2026-09-28,114.16512889563565,148.3453049456244,95.51323044656597,93.7619295134758,20.459073783735963
43429994.441,2026-09-28,113.6854856154146,144.22888232949663,95.29485997869953,93.85841780608555,20.676400434386736
43430094.497,2026-09-28,113.52996382977967,148.89064115948477,93.52440156490529,94.42484329511973,20.419232445204024
43430194.553,2026-09-28,114.32588845797645,146.54040178292112,93.2657822013837,93.91017804637538,23.158547292932862
43430294.608,2026-09-28,111.89579966543756,147.9921887565696,94.55739420592475,93.74164200832617,21.130862890973606
43430394.664,2026-09-28,110.94344545861405,147.19007297456096,95.86696252106054,93.34138018942245,20.745121223557742
43430494.719,2026-09-28,110.49710421436711,144.27301055142476,96.00037882707475,93.90583472511945,20.539053789873456
43430594.775,2026-09-28,111.7689688857126,143.24795310128852,96.51820880822656,93.95886167080212,20.69634667873944
43430694.830,2026-09-28,113.9451506598907,148.82599926217978,99.33508703519425,94.52089064478281,22.304285559458588
43430794.886,2026-09-28,113.21298080209661,147.95291184970966,91.63410459264156,94.49799304823193,22.88385565468612
43430894.942,2026-09-28,112.39393420769413,153.48499447422608,90.03918385632007,94.31806920712955,23.23562964787037
43430994.997,2026-09-28,112.20676727838375,145.43627165926694,95.93090145211733,94.92546638979991,22.574694450035675
43431095.053,2026-09-28,112.75274014729611,147.4448786138661,91.12130734128698,94.72045261836384,22.953413016481186
43431195.108,2026-09-28,117.56472423881866,145.54209650005518,94.63548839680894,92.5694551354223,20.41163406005944
43431295.164,2026-09-28,113.75339640948286,142.65640592040933,98.37561295878126,93.55322566374151,22.372438176081488
43431395.220,2026-09-28,109.45790826329838,149.18749763069087,96.23952207776969,93.76261102749079,22.84103045266817
43431495.275,2026-09-28,112.38045978910355,146.25186334462092,93.56809897209347,93.40841111385635,20.384406321191477
43431595.331,2026-09-28,110.17447923407595,143.69825981913857,96.0901581778287,94.7014101608569,22.36236523210453
43431695.386,2026-09-28,113.89185345293313,144.91970038559086,96.43991495525906,94.20567724630283,20.521090864084872
43431795.442,2026-09-28,113.62590342643787,142.64729615016066,95.05862182216684,94.3401937370039,22.90316910109099
43431895.497,2026-09-28,112.62499292940892,145.347387035717,98.23338126516879,93.98868564587842,22.311723835905774
43431995.553,2026-09-28,117.92357647346698,148.65431314253232,97.04659915637276,94.74781198406278,21.53471811880195
43432095.609,2026-09-28,113.403850125761,145.16796989726743,100.62223929730723,93.67379487697193,21.360279060549214
43432195.664,2026-09-28,112.3245971212231,146.75725248886923,96.93166417577332,94.61949691580115,22.16264393356366
43432295.720,2026-09-28,111.32933049778809,145.04526960146802,95.33158925407834,94.77764921011314,20.4596150817456
43432395.775,2026-09-28,111.35518877566406,147.68661849137058,94.12976269647184,94.00300831259577,22.160470665780387
43432495.831,2026-09-28,114.81282298562336,145.40157256485904,94.63730469458976,94.42861955016913,21.0433710163894
43432595.887,2026-09-28,110.56061838247663,145.7191322408614,96.77461087646851,93.47714580940342,21.979344594347687
43432695.942,2026-09-28,112.80424271746854,144.07529741031496,95.86160562791376,94.13403854545837,22.008063370861564
43432795.998,2026-09-28,109.84856667054827,150.98593842646218,93.56151321361492,94.14695848011654,22.33369879029326
43432896.053,2026-09-28,110.97126016673211,148.33213620584218,96.87313609864555,93.9495853983322,22.123241547933596
43432996.109,2026-09-28,111.08571441098563,150.54138823946136,95.06994754096173,93.57121406016837,22.442330683793674
43433096.165,2026-09-28,113.91414880810149,145.45078366659786,95.25750922400263,93.99515310183537,24.307434512928445
43433196.220,2026-09-28,108.35106203023759,146.6359959779865,94.18484105569551,93.28669785868762,21.0917507347466
43433296.276,2026-09-28,113.0109643499501,146.5951712100101,96.88484148403988,94.37045744305195,22.754791613974582
43433396.331,2026-09-28,113.64087454285725,155.15061625846238,96.91598229723041,94.12534451543969,23.460296848029884
43433496.387,2026-09-28,114.92594900260306,150.08926819302124,93.97600189300923,93.81615973907762,21.813583653164418
43433596.442,2026-09-28,113.63481247852185,146.4111587301227,92.91756888056788,94.53120213715037,21.96274409682848
43433696.498,2026-09-28,111.98651304210927,140.7760764426164,94.77835297363788,93.63003569243571,21.83523646517832
43433796.554,2026-09-28,111.45440711591402,144.30468492424336,97.58631868947688,94.6437901853877,22.429697424804093
43433896.609,2026-09-28,115.43611941613679,152.7260625924102,98.4692087750795,94.5761878025915,22.035599760765685
43433996.665,2026-09-28,111.44236013139675,152.2921250768773,94.27061759221017,93.02539224112326,22.977635532532446
43434096.720,2026-09-28,112.74339383520365,145.7335316042259,92.66555952344247,93.28775340409697,22.933857742421186
43434196.776,2026-09-28,114.31208847637731,141.66532566109734,94.75293109621227,93.4183854806325,23.966703156564183
43434296.832,2026-09-28,112.77390356380396,146.1658768640347,95.07821258119235,93.80557961626315,21.53662141419266
43434396.887,2026-09-28,114.95599186239566,149.3128843274297,98.03671843351822,93.83457550892993,21.264496676171447
43434496.943,2026-09-28,109.597857729736,146.23314861056176,91.50134052809865,94.27092622986393,20.20556128965411
43434596.998,2026-09-28,110.92401215254938,146.47314919786834,96.48150440977619,93.87172036814934,22.07661137043478
43434697.054,2026-09-28,111.80020264979223,140.7193708672661,94.88100212036287,94.76899707064001,22.495874943945832
43434797.110,2026-09-28,111.61689863435392,147.90697847598767,96.02710704926201,93.647196692494,24.097549116902048
43434897.165,2026-09-28,110.69699097988494,147.28190027696962,93.55636555871405,93.95494980621363,22.15214131875519
43434997.221,2026-09-28,111.93807009356651,146.9300417234745,93.6629923716974,93.7620866155899,20.509392654806128
43435097.276,2026-09-28,112.48448904433027,148.55058404337223,95.33091713654093,94.43668556102773,23.153303785812838
43435197.332,2026-09-28,112.20015154066637,146.75783531782238,95.7301722592224,93.32381882033232,21.76765689334019
43435297.387,2026-09-28,110.78720380273133,148.25901636984318,93.57355386954609,94.02894349920565,21.545582231216617
43435397.443,2026-09-28,109.06187632833979,143.6594663971582,93.20170794741414,93.28011287443937,22.782908745962807
43435497.499,2026-09-28,112.78470180085898,146.89680412101208,96.35946463740474,94.00911854633418,22.574306921537094
43435597.554,2026-09-28,110.40684076111621,141.78826880644058,95.08798289689989,94.00000216330112,22.096409762594014
43435697.610,2026-09-28,112.58926710185041,147.33855850675755,96.66905740692938,93.6383831513251,18.93858626968892
43435797.665,2026-09-28,113.64085229014505,143.18922242316808,98.17062350937405,94.04067419064953,22.223724278687968
43435897.721,2026-09-28,109.95968588497284,147.1386266439629,99.6298695266943,94.55995073702105,23.02708332622104
43435997.777,2026-09-28,113.56097060445978,153.19899605209997,94.69908604132154,94.62189307149733,23.242944779086365
43436097.832,2026-09-28,111.88736622279752,149.50829037116006,96.89980324307864,93.56691626210774,21.675718796170887
43436197.888,2026-09-28,111.58735412828328,146.18182084401775,93.60989995535495,94.03901811943034,22.88553237476202
43436297.943,2026-09-28,107.45715215328866,144.84308980438675,97.51417607766551,95.14356964637938,22.077855160925907
43436397.999,2026-09-28,109.38871379606022,141.28650283995705,93.77906951888784,94.8794841071868,21.034141967090118
43436498.054,2026-09-28,110.27982441217773,142.74425988069692,93.43246013455641,94.22938067160851,22.287658176157077
43436598.110,2026-09-28,109.72650605599341,141.18938019236165,95.38216466869328,95.14249813786694,20.314323855147055
43436698.166,2026-09-28,112.43731886123827,146.07963153102963,97.35438856247174,94.21861392527168,22.40956308233275
43436798.221,2026-09-28,111.18431711851706,146.47386778923837,96.53225223623025,93.42875217083666,20.465596616207854
43436898.277,2026-09-28,109.13620995651156,147.1554245864494,92.82424156657574,93.28263414847993,20.699613376155682
43436998.332,2026-09-28,111.79418078141497,149.1113380767271,96.83316275335189,94.4717686663117,23.624205907905615
43437098.388,2026-09-28,110.31206121961753,144.3474777481963,97.28774123876897,93.53504705762883,22.38144476396119
43437198.444,2026-09-28,109.1288320358438,142.70047481630613,96.88782301526409,93.99517764593894,23.70899039917194
43437298.499,2026-09-28,110.79118760847626,150.92815804708187,94.89850232077191,93.62426629746652,21.959007962860596
43437398.555,2026-09-28,111.43719797102857,141.53360632590105,96.04059330100348,93.938402905686,22.807405659963628
43437498.610,2026-09-28,110.6185702651913,144.4251761448475,96.40423839215737,94.01288028445981,23.82852828507222
43437598.666,2026-09-28,111.83824851328997,142.0247312206553,97.73189659836845,93.17432618676185,22.45288686651514
43437698.722,2026-09-28,110.34795689488729,147.05002490707525,96.93082287846293,93.80431895843495,20.751018494281695
43437798.777,2026-09-28,111.69113400381751,147.81376567304474,93.53677311728876,92.9494006423327,21.81901819457221
43437898.833,2026-09-28,110.8315654647993,146.267502297814,95.17391792637129,94.49061965665035,22.44148916079389
43437998.888,2026-09-28,109.40619493167044,147.03877286796174,96.82341660602361,93.45280557226062,23.44370064146751
43438098.944,2026-09-28,109.30314684794104,146.8709922247823,93.32438552196983,94.74984731859641,22.1916629839155
43438198.999,2026-09-28,110.74381548964023,148.24152160994473,96.1376768952669,93.79639622691688,22.029887400842693
43438299.055,2026-09-28,107.25916178181863,148.81843124733297,92.85675418222735,94.19120323971023,22.69274024402555
43438399.111,2026-09-28,112.55433176780532,142.56820112690116,94.303819180671,94.43077460902371,20.276546099248502
43438499.166,2026-09-28,106.70626922991516,144.94799705312647,95.89936368039884,93.42773419035296,21.926180240445174
43438599.222,2026-09-28,110.10815454970962,141.8498170807297,95.32956661396332,94.06258220824247,23.727698525665172
43438699.277,2026-09-28,110.63378998774327,147.5497036336933,94.25279682370352,93.83484609129376,22.806964164617206
43438799.333,2026-09-28,113.06705055526523,144.2834101239586,98.26034573596706,94.50050663432901,22.01172429566764
43438899.389,2026-09-28,110.90077594313459,138.96343799290813,95.75911197591718,94.41004074128261,21.370987738558647
43438999.444,2026-09-28,109.11829869454264,148.48395095366226,94.80824543627317,93.32930691444899,21.359077253724823
43439099.500,2026-09-28,112.23479601912997,143.68618814522495,93.94587585672086,93.64037326520999,22.597961180280073
43439199.555,2026-09-28,109.6378641569836,144.0469674977088,93.23836697935403,94.09354473652071,22.431939333322916
43439299.611,2026-09-28,112.80181107480443,146.73194695572423,93.01384444085761,94.61669681490203,21.97493130208874
43439399.666,2026-09-28,110.22559904686838,147.01586991580558,95.55585035031937,94.26919418142023,20.2254578348384
43439499.722,2026-09-28,110.36234846008632,146.63571897512304,96.0903100909203,92.87135876880404,20.859721918657883
43439599.778,2026-09-28,110.82413821500275,145.65592335165383,94.61134863930505,93.29284973207798,20.56929010331396
43439699.833,2026-09-28,108.113726014757,144.5607878344022,94.58445644820124,94.59454957025059,21.241002096746364
43439799.889,2026-09-28,109.87403909226855,143.31079552717173,93.90545722306192,95.09641177048691,20.54808397324816
43439899.944,2026-09-28,108.96306816890063,141.05019384532602,93.33362593343303,94.10647426397378,22.2195620241689
43440000.000,2026-09-28,108.89283712175045,145.6384418316766,96.28586007744347,93.91977033331379,21.303738219346382